caption_length,word_count,hashtag_count,mention_count,is_video,hour,day_of_week,is_weekend,month,likes,engagement_rate,post_id,date,url
247,34,8,0,1,7,6,1,8,189,4.081191967177715,3706084487405513439,2025-08-24 07:32:48,https://www.instagram.com/p/DNuqDSjZCrf/
370,45,7,0,0,3,0,0,8,266,5.7438998056575254,3696552105587907941,2025-08-11 03:36:12,https://www.instagram.com/p/DNMyo4LSh1l/
817,87,3,0,0,6,1,0,7,130,2.807169077952926,3687220633517244595,2025-07-29 06:36:13,https://www.instagram.com/p/DMro6R9SRX8/
817,87,3,0,0,6,1,0,7,130,2.807169077952926,3687220633517176405,2025-07-29 06:36:13,https://www.instagram.com/p/DMro6R9SRX8/
817,87,3,0,0,6,1,0,7,130,2.807169077952926,3687220633517249406,2025-07-29 06:36:13,https://www.instagram.com/p/DMro6R9SRX8/
817,87,3,0,0,6,1,0,7,130,2.807169077952926,3687220633651512334,2025-07-29 06:36:13,https://www.instagram.com/p/DMro6R9SRX8/
817,87,3,0,0,6,1,0,7,130,2.807169077952926,3687220633517310222,2025-07-29 06:36:13,https://www.instagram.com/p/DMro6R9SRX8/
817,87,3,0,0,6,1,0,7,130,2.807169077952926,3687220633794098900,2025-07-29 06:36:13,https://www.instagram.com/p/DMro6R9SRX8/
145,16,2,0,0,9,5,1,7,318,6.866767436838696,3685123499284273905,2025-07-26 09:09:36,https://www.instagram.com/p/DMkME2xSR3J/
145,16,2,0,0,9,5,1,7,318,6.866767436838696,3685123499410198305,2025-07-26 09:09:35,https://www.instagram.com/p/DMkME2xSR3J/
448,63,4,0,0,8,4,0,7,493,10.645648887929173,3669155395924497972,2025-07-04 08:23:49,https://www.instagram.com/p/DLrdWR_yZY0/
716,102,6,0,1,8,2,0,6,440,9.501187648456057,3652484690390415820,2025-06-11 08:31:23,https://www.instagram.com/p/DKwO3lmRfnM/
449,59,6,0,1,1,1,0,6,886,19.13193694666379,3651553548552551252,2025-06-10 01:32:47,https://www.instagram.com/p/DKs7JsLyrtU/
221,32,4,0,1,15,6,1,6,362,7.8168862016843015,3650531223954750581,2025-06-08 15:42:07,https://www.instagram.com/p/DKpSs6NS3x1/
461,62,4,0,0,11,4,0,6,97,2.094580004318722,3648957225445743429,2025-06-06 11:33:40,https://www.instagram.com/p/DKjs0N3SdtF/
576,87,4,0,0,11,2,0,5,1145,24.724681494277696,3642437082435638473,2025-05-28 11:39:18,https://www.instagram.com/p/DKMiTpfSVTJ/
710,88,4,0,0,3,2,0,5,35,0.7557762902180954,3642197248207054583,2025-05-28 03:42:48,https://www.instagram.com/p/DKLrxmdSWb3/
1563,214,6,0,1,6,1,0,5,114,2.4616713452817964,3641543059810425158,2025-05-27 06:03:39,https://www.instagram.com/p/DKJXB6CShlG/
329,47,8,0,1,8,0,0,5,145,3.1310732023321095,3640889257524671366,2025-05-26 08:24:44,https://www.instagram.com/p/DKHCX1NSzOG/
242,36,4,0,1,14,6,1,5,697,15.050744979486073,3640349921796290412,2025-05-25 14:33:11,https://www.instagram.com/p/DKFHvdqyfds/
558,78,4,0,0,10,6,1,5,44,0.9501187648456058,3640234598040536610,2025-05-25 10:43:21,https://www.instagram.com/p/DKEthSDSwYi/
531,73,4,0,0,7,5,1,5,85,1.8354567048153747,3639422930649624114,2025-05-24 07:50:43,https://www.instagram.com/p/DKB0994yC4y/
596,78,6,0,1,13,4,0,5,1548,33.42690563593177,3638879398738518213,2025-05-23 13:51:20,https://www.instagram.com/p/DJ_5YiWS-DF/
343,42,6,0,1,15,3,0,5,489,10.55927445476139,3628056289567829087,2025-05-08 15:35:27,https://www.instagram.com/p/DJZcfkcz-xf/
499,78,5,0,1,10,2,0,4,205,4.426689699848844,3617023457126775846,2025-04-23 10:08:02,https://www.instagram.com/p/DIyP6uiS_wm/
278,37,5,0,1,1,0,0,3,192,4.145972792053552,3600097847607464898,2025-03-31 01:40:15,https://www.instagram.com/p/DH2HesTSpPC/
147,21,5,0,0,9,6,1,3,201,4.3403152666810625,3599598186002073631,2025-03-30 09:06:04,https://www.instagram.com/p/DH0V3qKy0gf/
268,35,5,0,0,3,2,0,3,160,3.4549773267112935,3596515527768096458,2025-03-26 03:01:22,https://www.instagram.com/p/DHpY9E9yz7K/
247,34,5,0,0,2,1,0,3,65,1.403584538976463,3595781136695624583,2025-03-25 02:42:16,https://www.instagram.com/p/DHmx-R-ywOH/
492,63,5,0,0,10,6,1,3,271,5.851867847117253,3594562052943384189,2025-03-23 10:20:10,https://www.instagram.com/p/DHicybUyBEF/
492,63,5,0,0,10,6,1,3,271,5.851867847117253,3594562052809245861,2025-03-23 10:20:10,https://www.instagram.com/p/DHicybUyBEF/
492,63,5,0,0,10,6,1,3,271,5.851867847117253,3594562052935097069,2025-03-23 10:20:10,https://www.instagram.com/p/DHicybUyBEF/
779,107,5,0,0,5,4,0,3,167,3.6061325847549126,3582824881308033590,2025-03-07 05:40:30,https://www.instagram.com/p/DG4wEETSHse/
779,107,5,0,0,5,4,0,3,167,3.6061325847549126,3582824881609915534,2025-03-07 05:40:30,https://www.instagram.com/p/DG4wEETSHse/
157,20,5,0,0,5,4,0,3,113,2.440077736989851,3582823338022161567,2025-03-07 05:37:26,https://www.instagram.com/p/DG4vtqMyeR4/
157,20,5,0,0,5,4,0,3,113,2.440077736989851,3582823337736804772,2025-03-07 05:37:26,https://www.instagram.com/p/DG4vtqMyeR4/
168,21,5,0,0,4,2,0,3,93,2.0082055711509392,3581345849567489583,2025-03-05 04:41:56,https://www.instagram.com/p/DGzfxTzy0ZT/
168,21,5,0,0,4,2,0,3,93,2.0082055711509392,3581345849710147734,2025-03-05 04:41:56,https://www.instagram.com/p/DGzfxTzy0ZT/
237,35,5,0,1,7,0,0,2,315,6.8019866119628585,3569824210145007641,2025-02-17 07:11:21,https://www.instagram.com/p/DGKkDSUSFgZ/
233,28,5,0,0,6,3,0,2,316,6.823580220254804,3566899023892319317,2025-02-13 06:18:40,https://www.instagram.com/p/DGAK8U1yWt6/
233,28,5,0,0,6,3,0,2,316,6.823580220254804,3566899023682668101,2025-02-13 06:18:40,https://www.instagram.com/p/DGAK8U1yWt6/
1062,134,5,0,0,8,1,0,2,296,6.391708054415893,3560448900257614565,2025-02-04 08:43:25,https://www.instagram.com/p/DFpQWrXSCul/
1062,134,5,0,0,8,1,0,2,296,6.391708054415893,3560448900249203832,2025-02-04 08:43:25,https://www.instagram.com/p/DFpQWrXSCul/
116,14,5,0,0,13,4,0,1,26,0.5614338155905851,3552626764814133541,2025-01-24 13:42:14,https://www.instagram.com/p/DFNdzhQSqkl/
116,14,5,0,0,13,4,0,1,91,1.9650183545670483,3552626627526239719,2025-01-24 13:41:58,https://www.instagram.com/p/DFNdxhZS6Xn/
116,14,5,0,0,13,4,0,1,15,0.32390412437918376,3552626506713506105,2025-01-24 13:41:43,https://www.instagram.com/p/DFNdvw4S6E5/
461,67,5,0,0,12,2,0,12,49,1.0580868063053337,3530835180166666246,2024-12-25 12:06:15,https://www.instagram.com/p/DEAC-OiSVgG/
927,121,5,0,0,12,2,0,12,78,1.6843014467717556,3530834842592359406,2024-12-25 12:05:34,https://www.instagram.com/p/DEAC5bbSGR9/
927,121,5,0,0,12,2,0,12,78,1.6843014467717556,3530834842474901371,2024-12-25 12:05:34,https://www.instagram.com/p/DEAC5bbSGR9/
927,121,5,0,0,12,2,0,12,78,1.6843014467717556,3530834842365829719,2024-12-25 12:05:34,https://www.instagram.com/p/DEAC5bbSGR9/
1838,239,8,0,0,13,6,1,12,181,3.9084431008421507,3523642731849692444,2024-12-15 13:56:08,https://www.instagram.com/p/DDmfmhOy0wx/
1838,239,8,0,0,13,6,1,12,181,3.9084431008421507,3523642731858004228,2024-12-15 13:56:08,https://www.instagram.com/p/DDmfmhOy0wx/
1838,239,8,0,0,13,6,1,12,181,3.9084431008421507,3523642731858171450,2024-12-15 13:56:08,https://www.instagram.com/p/DDmfmhOy0wx/
1838,239,8,0,0,13,6,1,12,181,3.9084431008421507,3523642731849596805,2024-12-15 13:56:08,https://www.instagram.com/p/DDmfmhOy0wx/
1838,239,8,0,0,13,6,1,12,181,3.9084431008421507,3523642732067716041,2024-12-15 13:56:08,https://www.instagram.com/p/DDmfmhOy0wx/
1838,239,8,0,0,13,6,1,12,181,3.9084431008421507,3523642731992288519,2024-12-15 13:56:08,https://www.instagram.com/p/DDmfmhOy0wx/
904,89,5,0,0,9,4,0,11,70,1.511552580436191,3506831116735146463,2024-11-22 09:14:27,https://www.instagram.com/p/DCqxFQvy8zv/
904,89,5,0,0,9,4,0,11,70,1.511552580436191,3506831116391399293,2024-11-22 09:14:27,https://www.instagram.com/p/DCqxFQvy8zv/
904,89,5,0,0,9,4,0,11,70,1.511552580436191,3506831116508814469,2024-11-22 09:14:27,https://www.instagram.com/p/DCqxFQvy8zv/
1327,181,5,0,0,4,6,1,11,243,5.247246814942777,3503070479307587036,2024-11-17 04:42:44,https://www.instagram.com/p/DCdaAxvSt7B/
1327,181,5,0,0,4,6,1,11,243,5.247246814942777,3503070479315943909,2024-11-17 04:42:44,https://www.instagram.com/p/DCdaAxvSt7B/
1327,181,5,0,0,4,6,1,11,243,5.247246814942777,3503070479391652713,2024-11-17 04:42:44,https://www.instagram.com/p/DCdaAxvSt7B/
1327,181,5,0,0,4,6,1,11,243,5.247246814942777,3503070479324435123,2024-11-17 04:42:44,https://www.instagram.com/p/DCdaAxvSt7B/
1327,181,5,0,0,4,6,1,11,243,5.247246814942777,3503070479626397222,2024-11-17 04:42:44,https://www.instagram.com/p/DCdaAxvSt7B/
1327,181,5,0,0,4,6,1,11,243,5.247246814942777,3503070479550912523,2024-11-17 04:42:44,https://www.instagram.com/p/DCdaAxvSt7B/
296,39,5,0,1,8,3,0,11,75,1.6195206218959188,3500999682896217891,2024-11-14 08:09:24,https://www.instagram.com/p/DCWDKmZyMcj/
588,79,5,0,0,3,4,0,11,123,2.656013819909307,3496520888357677615,2024-11-08 03:49:52,https://www.instagram.com/p/DCGIzsESmfn/
588,79,5,0,0,3,4,0,11,123,2.656013819909307,3496520888072475158,2024-11-08 03:49:52,https://www.instagram.com/p/DCGIzsESmfn/
588,79,5,0,0,3,4,0,11,123,2.656013819909307,3496520888055542843,2024-11-08 03:49:52,https://www.instagram.com/p/DCGIzsESmfn/
588,79,5,0,0,3,4,0,11,123,2.656013819909307,3496520888072324257,2024-11-08 03:49:52,https://www.instagram.com/p/DCGIzsESmfn/
588,79,5,0,0,3,4,0,11,123,2.656013819909307,3496520888349182183,2024-11-08 03:49:52,https://www.instagram.com/p/DCGIzsESmfn/
588,79,5,0,0,3,4,0,11,123,2.656013819909307,3496520888340890044,2024-11-08 03:49:52,https://www.instagram.com/p/DCGIzsESmfn/
868,105,5,0,0,3,4,0,11,88,1.9002375296912115,3496517535087173406,2024-11-08 03:43:13,https://www.instagram.com/p/DCGIC6QSoMH/
868,105,5,0,0,3,4,0,11,88,1.9002375296912115,3496517534919273710,2024-11-08 03:43:12,https://www.instagram.com/p/DCGIC6QSoMH/
868,105,5,0,0,3,4,0,11,88,1.9002375296912115,3496517534927751408,2024-11-08 03:43:12,https://www.instagram.com/p/DCGIC6QSoMH/
868,105,5,0,0,3,4,0,11,88,1.9002375296912115,3496517534927615242,2024-11-08 03:43:12,https://www.instagram.com/p/DCGIC6QSoMH/
868,105,5,0,0,3,4,0,11,88,1.9002375296912115,3496517534911036017,2024-11-08 03:43:12,https://www.instagram.com/p/DCGIC6QSoMH/
527,70,5,0,0,13,0,0,10,24,0.518246599006694,3488827719306392678,2024-10-28 13:04:55,https://www.instagram.com/p/DBqzlN7yzRm/
1138,146,5,0,1,23,6,1,10,165,3.5629453681710213,3488412422527058738,2024-10-27 23:20:24,https://www.instagram.com/p/DBpVJ2qyQMy/
655,92,5,0,0,11,3,0,10,276,5.959835888576981,3485882266042257420,2024-10-24 11:32:50,https://www.instagram.com/p/DBgV3TgSlDC/
655,92,5,0,0,11,3,0,10,276,5.959835888576981,3485882265908021141,2024-10-24 11:32:50,https://www.instagram.com/p/DBgV3TgSlDC/
676,89,5,0,0,4,1,0,10,201,4.3403152666810625,3484208200927517265,2024-10-22 04:06:46,https://www.instagram.com/p/DBaZOfNSFB7/
676,89,5,0,0,4,1,0,10,201,4.3403152666810625,3484208200944338443,2024-10-22 04:06:46,https://www.instagram.com/p/DBaZOfNSFB7/
676,89,5,0,0,4,1,0,10,201,4.3403152666810625,3484208201070261169,2024-10-22 04:06:46,https://www.instagram.com/p/DBaZOfNSFB7/
802,102,5,0,0,2,0,0,10,223,4.815374649103865,3483439715381391914,2024-10-21 02:39:55,https://www.instagram.com/p/DBXqfi2yOZO/
802,102,5,0,0,2,0,0,10,223,4.815374649103865,3483439715389745333,2024-10-21 02:39:55,https://www.instagram.com/p/DBXqfi2yOZO/
802,102,5,0,0,2,0,0,10,223,4.815374649103865,3483439715389602625,2024-10-21 02:39:55,https://www.instagram.com/p/DBXqfi2yOZO/
1166,144,5,0,0,7,6,1,10,228,4.923342690563593,3477788137005757697,2024-10-13 07:31:14,https://www.instagram.com/p/DBDleRoSVBd/
1166,144,5,0,0,7,6,1,10,228,4.923342690563593,3477788136980573893,2024-10-13 07:31:14,https://www.instagram.com/p/DBDleRoSVBd/
724,102,5,0,0,8,5,1,10,110,2.375296912114014,3472033923935760405,2024-10-05 08:58:39,https://www.instagram.com/p/DAvJHeSypMy/
724,102,5,0,0,8,5,1,10,110,2.375296912114014,3472033923809694391,2024-10-05 08:58:39,https://www.instagram.com/p/DAvJHeSypMy/
724,102,5,0,0,8,5,1,10,110,2.375296912114014,3472033923809791848,2024-10-05 08:58:39,https://www.instagram.com/p/DAvJHeSypMy/
834,110,5,0,0,2,4,0,10,126,2.7207946447851437,3471125521592214688,2024-10-04 02:53:49,https://www.instagram.com/p/DAr6kdVSglR/
834,110,5,0,0,2,4,0,10,126,2.7207946447851437,3471125521550108093,2024-10-04 02:53:49,https://www.instagram.com/p/DAr6kdVSglR/
834,110,5,0,0,2,4,0,10,126,2.7207946447851437,3471125521550049781,2024-10-04 02:53:49,https://www.instagram.com/p/DAr6kdVSglR/
834,110,5,0,0,2,4,0,10,126,2.7207946447851437,3471125521852189494,2024-10-04 02:53:49,https://www.instagram.com/p/DAr6kdVSglR/
743,96,5,0,0,3,2,0,10,153,3.3038220686676745,3469680414506448817,2024-10-02 03:02:38,https://www.instagram.com/p/DAmx_ZlyptW/
274,35,6,0,1,0,0,0,9,72,1.554739797020082,3463069649129334900,2024-09-23 00:09:02,https://www.instagram.com/p/DAPS39symh0/
717,98,5,0,0,23,6,1,9,148,3.1958540272079463,3463063865024690492,2024-09-22 23:56:44,https://www.instagram.com/p/DAPRj9ASVoS/
717,98,5,0,0,23,6,1,9,148,3.1958540272079463,3463063865041448753,2024-09-22 23:56:44,https://www.instagram.com/p/DAPRj9ASVoS/
717,98,5,0,0,23,6,1,9,148,3.1958540272079463,3463063865309808903,2024-09-22 23:56:44,https://www.instagram.com/p/DAPRj9ASVoS/
717,98,5,0,0,23,6,1,9,148,3.1958540272079463,3463063865016263465,2024-09-22 23:56:44,https://www.instagram.com/p/DAPRj9ASVoS/
717,98,5,0,0,23,6,1,9,148,3.1958540272079463,3463063865158871713,2024-09-22 23:56:44,https://www.instagram.com/p/DAPRj9ASVoS/
717,98,5,0,0,23,6,1,9,148,3.1958540272079463,3463063865159003573,2024-09-22 23:56:44,https://www.instagram.com/p/DAPRj9ASVoS/
975,126,5,0,0,7,0,0,9,402,8.680630533362125,3448075092356680673,2024-09-02 07:36:43,https://www.instagram.com/p/C_aBghSyFkG/
259,37,5,0,1,4,3,0,8,330,7.1258907363420425,3440000934213184576,2024-08-22 04:18:12,https://www.instagram.com/p/C-9Vp-uyexA/
551,77,5,0,0,4,0,0,8,677,14.61887281364716,3437835906965928903,2024-08-19 04:33:17,https://www.instagram.com/p/C-1pYr-yXvH/
828,118,5,0,0,12,6,1,8,273,5.895055063701145,3437363197286913688,2024-08-18 12:54:06,https://www.instagram.com/p/C-z95_PSqq9/
828,118,5,0,0,12,6,1,8,273,5.895055063701145,3437363197278579860,2024-08-18 12:54:06,https://www.instagram.com/p/C-z95_PSqq9/
828,118,5,0,0,12,6,1,8,273,5.895055063701145,3437363197278664222,2024-08-18 12:54:06,https://www.instagram.com/p/C-z95_PSqq9/
828,118,5,0,0,12,6,1,8,273,5.895055063701145,3437363197286920629,2024-08-18 12:54:06,https://www.instagram.com/p/C-z95_PSqq9/
828,118,5,0,0,12,6,1,8,273,5.895055063701145,3437363197278432684,2024-08-18 12:54:06,https://www.instagram.com/p/C-z95_PSqq9/
495,62,5,0,0,13,5,1,8,41,0.885337939969769,3436643505555418814,2024-08-17 13:04:12,https://www.instagram.com/p/C-xaQ9oSK6-/
428,64,5,0,1,14,6,1,8,476,10.278557546966098,3427273800155785819,2024-08-04 14:49:19,https://www.instagram.com/p/C-QH9pFyuSD/
428,64,5,0,0,14,6,1,8,476,10.278557546966098,3427274330206829064,2024-08-04 14:49:19,https://www.instagram.com/p/C-QH9pFyuSD/
547,84,5,0,0,13,2,0,7,325,7.017922694882314,3424340422653788799,2024-07-31 13:40:10,https://www.instagram.com/p/C-Fs3qnyqjY/
547,84,5,0,0,13,2,0,7,325,7.017922694882314,3424340422771256573,2024-07-31 13:40:10,https://www.instagram.com/p/C-Fs3qnyqjY/
547,84,5,0,0,13,2,0,7,325,7.017922694882314,3424340422485969547,2024-07-31 13:40:10,https://www.instagram.com/p/C-Fs3qnyqjY/
547,84,5,0,0,13,2,0,7,325,7.017922694882314,3424340422729363118,2024-07-31 13:40:10,https://www.instagram.com/p/C-Fs3qnyqjY/
547,84,5,0,0,13,2,0,7,325,7.017922694882314,3424340422653842928,2024-07-31 13:40:10,https://www.instagram.com/p/C-Fs3qnyqjY/
376,43,5,0,1,9,0,0,7,80,1.7274886633556468,3422761670824152757,2024-07-29 09:25:29,https://www.instagram.com/p/C-AF5rkS861/
258,43,5,0,1,1,3,0,7,605,13.064133016627078,3419622382481569685,2024-07-25 01:27:04,https://www.instagram.com/p/C908HBdyfeV/
263,38,5,0,1,6,6,1,7,418,9.026128266033254,3411811524296761750,2024-07-14 06:49:04,https://www.instagram.com/p/C9ZMIE6SuGW/
333,51,5,0,1,5,5,1,7,388,8.378320017274888,3411044216242585983,2024-07-13 05:24:58,https://www.instagram.com/p/C9WdqRmSkF_/
677,76,5,15,0,12,1,0,7,267,5.765493413949471,3408365708835949646,2024-07-09 12:41:16,https://www.instagram.com/p/C9M8o3LygxO/
785,99,0,0,0,10,3,0,6,89,1.921831137983157,3399607954587610398,2024-06-27 10:41:10,https://www.instagram.com/p/C8t1Ww8yW0e/
777,108,5,0,0,5,6,1,6,86,1.8570503131073204,3396550941569845500,2024-06-23 05:27:26,https://www.instagram.com/p/C8i-RXtygj8/
196,27,5,0,0,2,0,0,6,49,1.0580868063053337,3392127920872358890,2024-06-17 02:59:41,https://www.instagram.com/p/C8TQl8sSAPq/
752,88,5,15,0,8,3,0,6,479,10.343338371841934,3389403999178019890,2024-06-13 08:47:44,https://www.instagram.com/p/C8JlPq7S1Qy/
437,62,5,0,1,8,4,0,6,510,11.012740228892248,3385040656514165450,2024-06-07 08:19:16,https://www.instagram.com/p/C76FIrZyCrK/
590,89,5,0,0,0,4,0,6,168,3.627726193046858,3384800331703116471,2024-06-07 00:21:04,https://www.instagram.com/p/C75OflmyWbx/
590,89,5,0,0,0,4,0,6,168,3.627726193046858,3384800331703152977,2024-06-07 00:21:04,https://www.instagram.com/p/C75OflmyWbx/
639,97,5,0,1,6,3,0,6,182,3.9300367091340966,3384246404972555356,2024-06-06 06:04:45,https://www.instagram.com/p/C73QizAyCxc/
710,108,5,0,0,2,1,0,6,338,7.298639602677608,3382701419706145830,2024-06-04 02:50:54,https://www.instagram.com/p/C7xxQTWy1wm/
488,68,5,2,0,2,1,0,6,146,3.152666810624055,3382699513663391328,2024-06-04 02:47:07,https://www.instagram.com/p/C7xw02bS1x9/
488,68,5,2,0,2,1,0,6,146,3.152666810624055,3382699513654989693,2024-06-04 02:47:07,https://www.instagram.com/p/C7xw02bS1x9/
488,68,5,2,0,2,1,0,6,146,3.152666810624055,3382699513805858714,2024-06-04 02:47:07,https://www.instagram.com/p/C7xw02bS1x9/
1033,143,5,0,0,14,3,0,5,326,7.039516303174261,3379424556002947222,2024-05-30 14:20:22,https://www.instagram.com/p/C7mILyXS7h9/
1033,143,5,0,0,14,3,0,5,326,7.039516303174261,3379424556003019626,2024-05-30 14:20:22,https://www.instagram.com/p/C7mILyXS7h9/
1033,143,5,0,0,14,3,0,5,326,7.039516303174261,3379424555969326333,2024-05-30 14:20:22,https://www.instagram.com/p/C7mILyXS7h9/
1033,143,5,0,0,14,3,0,5,326,7.039516303174261,3379424555843555915,2024-05-30 14:20:22,https://www.instagram.com/p/C7mILyXS7h9/
1033,143,5,0,0,14,3,0,5,326,7.039516303174261,3379424555860311157,2024-05-30 14:20:22,https://www.instagram.com/p/C7mILyXS7h9/
359,46,4,0,0,7,2,0,5,49,1.0580868063053337,3373424053905385438,2024-05-22 07:38:26,https://www.instagram.com/p/C7Qz03Jyefe/
488,69,6,0,1,15,1,0,5,184,3.9732239257179875,3372928471973576541,2024-05-21 15:14:34,https://www.instagram.com/p/C7PDJMgyT9d/
464,66,6,0,0,4,0,0,5,62,1.3388037141006262,3366806123491044849,2024-05-13 04:29:47,https://www.instagram.com/p/C65TFTKSy3x/
380,48,6,0,0,9,3,0,5,106,2.288922478946232,3358984459772304336,2024-05-02 09:29:32,https://www.instagram.com/p/C6dgpHKyRvQ/
330,43,5,0,0,3,3,0,5,41,0.885337939969769,3358809293054530846,2024-05-02 03:41:31,https://www.instagram.com/p/C6c40Gcy9Ue/
571,80,5,0,0,14,1,0,4,187,4.038004750593824,3357700832275042769,2024-04-30 14:59:12,https://www.instagram.com/p/C6Y8yADy26N/
571,80,5,0,0,14,1,0,4,187,4.038004750593824,3357700832283417844,2024-04-30 14:59:12,https://www.instagram.com/p/C6Y8yADy26N/
571,80,5,0,0,14,1,0,4,187,4.038004750593824,3357700832149297954,2024-04-30 14:59:12,https://www.instagram.com/p/C6Y8yADy26N/
325,47,5,0,0,14,1,0,4,373,8.054415892895703,3357695527109775728,2024-04-30 14:48:40,https://www.instagram.com/p/C6Y7krFS9Fw/
325,45,5,1,1,14,4,0,4,325,7.017922694882314,3354781738005332011,2024-04-26 14:24:07,https://www.instagram.com/p/C6OlDdgxoAr/
537,72,5,0,0,1,4,0,4,111,2.3968905204059596,3354401678421274627,2024-04-26 01:44:22,https://www.instagram.com/p/C6NOo-nxpUY/
537,72,5,0,0,1,4,0,4,111,2.3968905204059596,3354401678412926336,2024-04-26 01:44:22,https://www.instagram.com/p/C6NOo-nxpUY/
537,72,5,0,0,1,4,0,4,111,2.3968905204059596,3354401678463232702,2024-04-26 01:44:22,https://www.instagram.com/p/C6NOo-nxpUY/
537,72,5,0,0,1,4,0,4,111,2.3968905204059596,3354401678429705359,2024-04-26 01:44:22,https://www.instagram.com/p/C6NOo-nxpUY/
433,56,5,0,0,4,6,1,4,80,1.7274886633556468,3350847526923908503,2024-04-21 04:02:54,https://www.instagram.com/p/C6AmhJ6y7WX/
507,71,5,0,1,4,1,0,4,150,3.2390412437918377,3342159481857100330,2024-04-09 04:22:23,https://www.instagram.com/p/C5hvFday8oq/
967,125,5,0,0,16,4,0,4,82,1.770675879939538,3339624300713376957,2024-04-05 16:24:22,https://www.instagram.com/p/C5Yup1RyFjD/
967,125,5,0,0,16,4,0,4,82,1.770675879939538,3339624300587756543,2024-04-05 16:24:21,https://www.instagram.com/p/C5Yup1RyFjD/
967,125,5,0,0,16,4,0,4,82,1.770675879939538,3339624300604397520,2024-04-05 16:24:21,https://www.instagram.com/p/C5Yup1RyFjD/
967,125,5,0,0,16,4,0,4,82,1.770675879939538,3339624300587687308,2024-04-05 16:24:21,https://www.instagram.com/p/C5Yup1RyFjD/
193,25,5,0,1,14,0,0,3,751,16.216799827251133,3331596616389607969,2024-03-25 14:35:40,https://www.instagram.com/p/C48NXiWy8Ih/
404,52,5,0,0,7,1,0,3,63,1.3603973223925718,3321962818978748408,2024-03-12 07:34:09,https://www.instagram.com/p/C4Z-5VWSJf4/
479,62,5,0,1,3,6,1,2,2640,57.00712589073634,3310239142675830821,2024-02-25 03:23:04,https://www.instagram.com/p/C3wVPY8yVgl/
507,58,5,1,1,14,2,0,2,204,4.405096091556899,3302606504804750719,2024-02-14 14:37:41,https://www.instagram.com/p/C3VNx4_yBV_/
514,59,5,1,1,14,2,0,2,115,2.4832649535737423,3302602862018417010,2024-02-14 14:30:22,https://www.instagram.com/p/C3VM84Yy9Fy/
502,57,5,1,1,14,2,0,2,149,3.2174476354998918,3302593294106248815,2024-02-14 14:11:21,https://www.instagram.com/p/C3VKxpkykZv/
495,57,5,1,1,14,2,0,2,633,13.668754048801555,3302590186890211331,2024-02-14 14:04:52,https://www.instagram.com/p/C3VKEbwSDAD/
510,59,5,1,1,12,2,0,2,163,3.5197581515871303,3302548152632506184,2024-02-14 12:41:43,https://www.instagram.com/p/C3VAgwTSHdI/
499,58,5,1,1,11,2,0,2,121,2.6128266033254155,3302520808303789875,2024-02-14 11:47:22,https://www.instagram.com/p/C3U6S16SIcz/
512,59,5,1,1,11,2,0,2,184,3.9732239257179875,3302517380324421338,2024-02-14 11:40:09,https://www.instagram.com/p/C3U5g9Wym7a/
515,59,5,1,1,11,2,0,2,940,20.29799179442885,3302512017696912714,2024-02-14 11:31:43,https://www.instagram.com/p/C3U4S7BSHVK/
510,59,5,1,1,9,2,0,2,155,3.3470092852515654,3302457955953850183,2024-02-14 09:42:01,https://www.instagram.com/p/C3UsAOGSrdH/
505,59,5,1,1,9,2,0,2,217,4.6858129993521915,3302451955792251037,2024-02-14 09:30:16,https://www.instagram.com/p/C3Uqo6Ayoid/
508,59,5,1,1,8,2,0,2,493,10.645648887929173,3302431768707734530,2024-02-14 08:50:10,https://www.instagram.com/p/C3UmDJUyhwC/
490,57,5,1,1,8,2,0,2,564,12.178795076657309,3302422195619798937,2024-02-14 08:31:18,https://www.instagram.com/p/C3Uj31sSJ-Z/
509,59,5,1,1,7,2,0,2,217,4.6858129993521915,3302398887981503114,2024-02-14 07:45:10,https://www.instagram.com/p/C3UekqwyFKK/
510,59,5,1,1,6,2,0,2,1263,27.27272727272727,3302354377155258929,2024-02-14 06:28:06,https://www.instagram.com/p/C3UUc80y6ox/
804,108,5,0,0,9,1,0,2,146,3.152666810624055,3301722445992049592,2024-02-13 09:20:08,https://www.instagram.com/p/C3SExN8yTTQ/
804,108,5,0,0,9,1,0,2,146,3.152666810624055,3301722446109402658,2024-02-13 09:20:08,https://www.instagram.com/p/C3SExN8yTTQ/
804,108,5,0,0,9,1,0,2,146,3.152666810624055,3301722445983603800,2024-02-13 09:20:08,https://www.instagram.com/p/C3SExN8yTTQ/
815,109,5,0,0,9,0,0,2,151,3.260634852083783,3301006097892549225,2024-02-12 09:36:53,https://www.instagram.com/p/C3Ph4-sS1Z8/
815,109,5,0,0,9,0,0,2,151,3.260634852083783,3301006097766892999,2024-02-12 09:36:53,https://www.instagram.com/p/C3Ph4-sS1Z8/
815,109,5,0,0,9,0,0,2,151,3.260634852083783,3301006097884364384,2024-02-12 09:36:53,https://www.instagram.com/p/C3Ph4-sS1Z8/
724,103,5,0,0,5,2,0,2,243,5.247246814942777,3297253095423623633,2024-02-07 05:20:20,https://www.instagram.com/p/C3CMjlzSh_K/
724,103,5,0,0,5,2,0,2,243,5.247246814942777,3297253095557987824,2024-02-07 05:20:20,https://www.instagram.com/p/C3CMjlzSh_K/
724,103,5,0,0,5,2,0,2,243,5.247246814942777,3297253095549612610,2024-02-07 05:20:20,https://www.instagram.com/p/C3CMjlzSh_K/
724,103,5,0,0,5,2,0,2,243,5.247246814942777,3297253095406852833,2024-02-07 05:20:20,https://www.instagram.com/p/C3CMjlzSh_K/
1126,151,5,0,0,12,3,0,2,125,2.699201036493198,3293132225960763703,2024-02-01 12:52:54,https://www.instagram.com/p/C2zjlDjSy9X/
880,115,5,0,0,7,3,0,1,89,1.921831137983157,3287909283316621946,2024-01-25 07:55:51,https://www.instagram.com/p/C2hABPAyEnD/
880,115,5,0,0,7,3,0,1,89,1.921831137983157,3287909283425615637,2024-01-25 07:55:51,https://www.instagram.com/p/C2hABPAyEnD/
657,96,5,0,0,7,4,0,1,133,2.8719499028287627,3278469938897580806,2024-01-12 07:21:33,https://www.instagram.com/p/C1_dwtaSsAe/
957,150,0,0,1,2,0,0,1,2080,44.914705247246815,3275427373352986168,2024-01-08 02:41:22,https://www.instagram.com/p/C10p9eUS6Y4/
469,58,5,0,0,9,4,0,12,361,7.795292593392356,3268381682634011197,2023-12-29 09:18:00,https://www.instagram.com/p/C1bn9LfyzI9/
587,79,4,0,1,15,1,0,12,134,2.8935435111207086,3261305811582323691,2023-12-19 15:00:34,https://www.instagram.com/p/C1CfFtDSAvr/
757,95,5,0,0,6,4,0,12,44,0.9501187648456058,3248017321474234941,2023-12-01 06:57:39,https://www.instagram.com/p/C0TRouOyZo9/
545,73,5,0,0,6,4,0,11,112,2.4184841286979055,3242942733182727377,2023-11-24 06:55:21,https://www.instagram.com/p/C0BPzvmSnTR/
495,62,4,0,0,6,2,0,11,102,2.2025480457784496,3241466796008271471,2023-11-22 06:02:55,https://www.instagram.com/p/Cz8AOB_S-5v/
522,65,5,0,0,3,4,0,11,110,2.375296912114014,3227633248595789352,2023-11-03 03:58:08,https://www.instagram.com/p/CzK21a_ysYo/
643,88,5,0,0,11,2,0,10,99,2.137767220902613,3221349512195462164,2023-10-25 11:53:28,https://www.instagram.com/p/Cy0iFBbydQU/
179,21,4,0,1,5,0,0,10,36,0.777369898510041,3209556066010724093,2023-10-09 05:22:13,https://www.instagram.com/p/CyKojyxRPb9/
94,15,3,0,1,7,6,1,10,1693,36.55797883826387,3203813646820586749,2023-10-01 07:16:49,https://www.instagram.com/p/Cx2O4mJSjT9/
185,24,4,0,0,1,3,0,9,29,0.626214640466422,3201458729900415432,2023-09-28 01:14:02,https://www.instagram.com/p/Cxt3cC2yZnI/
723,100,5,0,0,10,4,0,9,191,4.124379183761607,3197402379008508325,2023-09-22 10:54:47,https://www.instagram.com/p/CxfdIeZS4_d/
723,100,5,0,0,10,4,0,9,191,4.124379183761607,3197402379134217444,2023-09-22 10:54:47,https://www.instagram.com/p/CxfdIeZS4_d/
723,100,5,0,0,10,4,0,9,191,4.124379183761607,3197402379008361878,2023-09-22 10:54:47,https://www.instagram.com/p/CxfdIeZS4_d/
723,100,5,0,0,10,4,0,9,191,4.124379183761607,3197402379000114848,2023-09-22 10:54:47,https://www.instagram.com/p/CxfdIeZS4_d/
723,100,5,0,0,10,4,0,9,191,4.124379183761607,3197402379008408021,2023-09-22 10:54:47,https://www.instagram.com/p/CxfdIeZS4_d/
928,127,5,0,0,9,2,0,9,63,1.3603973223925718,3195921781702075159,2023-09-20 09:53:06,https://www.instagram.com/p/CxaMe2ASSMX/
616,81,7,0,0,13,4,0,9,259,5.592744547613907,3192418412907877372,2023-09-15 13:52:32,https://www.instagram.com/p/CxNv6HjylP8/
1124,139,5,0,0,12,2,0,9,86,1.8570503131073204,3190935393818805302,2023-09-13 12:46:03,https://www.instagram.com/p/CxIetbtSaD_/
1124,139,5,0,0,12,2,0,9,86,1.8570503131073204,3190935393592311597,2023-09-13 12:46:02,https://www.instagram.com/p/CxIetbtSaD_/
685,87,5,0,0,2,0,0,9,55,1.187648456057007,3189180224957327086,2023-09-11 02:38:50,https://www.instagram.com/p/CxCPoSBSCbu/
695,85,6,0,0,15,2,0,9,55,1.187648456057007,3185937150676354411,2023-09-06 15:15:26,https://www.instagram.com/p/Cw2uPVuyMVr/
801,109,6,0,0,11,0,0,9,143,3.0878859857482186,3184380860863081328,2023-09-04 11:43:21,https://www.instagram.com/p/CwxMYV5S-tw/
749,98,9,0,0,15,4,0,9,97,2.094580004318722,3182316335682695911,2023-09-01 15:21:31,https://www.instagram.com/p/Cwp29qOSLN-/
749,98,9,0,0,15,4,0,9,97,2.094580004318722,3182316335624057137,2023-09-01 15:21:31,https://www.instagram.com/p/Cwp29qOSLN-/
933,123,5,0,0,4,4,0,8,97,2.094580004318722,3176926389761309562,2023-08-25 04:52:39,https://www.instagram.com/p/CwWtbmnS9Qd/
933,123,5,0,0,4,4,0,8,97,2.094580004318722,3176926389769621953,2023-08-25 04:52:39,https://www.instagram.com/p/CwWtbmnS9Qd/
468,60,5,0,0,7,2,0,8,109,2.3537033038220687,3175550161418538537,2023-08-23 07:18:20,https://www.instagram.com/p/CwR0g2wS9Ie/
468,60,5,0,0,7,2,0,8,109,2.3537033038220687,3175550161292766975,2023-08-23 07:18:20,https://www.instagram.com/p/CwR0g2wS9Ie/
602,80,5,0,0,3,1,0,8,277,5.981429496868927,3174701830383455374,2023-08-22 03:12:51,https://www.instagram.com/p/CwOzoCQSeYF/
602,80,5,0,0,3,1,0,8,277,5.981429496868927,3174701830282905518,2023-08-22 03:12:51,https://www.instagram.com/p/CwOzoCQSeYF/
602,80,5,0,0,3,1,0,8,277,5.981429496868927,3174701830257605407,2023-08-22 03:12:51,https://www.instagram.com/p/CwOzoCQSeYF/
602,80,5,0,0,3,1,0,8,277,5.981429496868927,3174701830123444696,2023-08-22 03:12:51,https://www.instagram.com/p/CwOzoCQSeYF/
602,80,5,0,0,3,1,0,8,277,5.981429496868927,3174701830257570352,2023-08-22 03:12:51,https://www.instagram.com/p/CwOzoCQSeYF/
602,80,5,0,0,3,1,0,8,277,5.981429496868927,3174701830131842576,2023-08-22 03:12:51,https://www.instagram.com/p/CwOzoCQSeYF/
602,80,5,0,0,3,1,0,8,277,5.981429496868927,3174701830123520083,2023-08-22 03:12:51,https://www.instagram.com/p/CwOzoCQSeYF/
602,80,5,0,0,3,1,0,8,277,5.981429496868927,3174701830316238713,2023-08-22 03:12:51,https://www.instagram.com/p/CwOzoCQSeYF/
602,80,5,0,0,3,1,0,8,277,5.981429496868927,3174701830114926315,2023-08-22 03:12:51,https://www.instagram.com/p/CwOzoCQSeYF/
203,20,4,0,0,5,3,0,8,36,0.777369898510041,3171136248216243515,2023-08-17 05:08:40,https://www.instagram.com/p/CwCI53JS007/
203,20,4,0,0,5,3,0,8,58,1.252429280932844,3171136041554366103,2023-08-17 05:08:16,https://www.instagram.com/p/CwCI22rSU6X/
203,20,4,0,0,5,3,0,8,66,1.4251781472684086,3171135817050055697,2023-08-17 05:07:49,https://www.instagram.com/p/CwCIzllyWQR/
362,40,7,0,0,13,0,0,8,82,1.770675879939538,3169212968555216857,2023-08-14 13:27:28,https://www.instagram.com/p/Cv7TmdYS3_Z/
199,29,4,0,0,7,2,0,8,524,11.315050744979487,3165394248120587792,2023-08-09 07:00:21,https://www.instagram.com/p/CvtvUw1StYQ/
587,75,5,0,0,3,4,0,8,91,1.9650183545670483,3161650493026499574,2023-08-04 03:02:10,https://www.instagram.com/p/CvgcGB2ScPW/
587,75,5,0,0,3,4,0,8,91,1.9650183545670483,3161650493202855647,2023-08-04 03:02:10,https://www.instagram.com/p/CvgcGB2ScPW/
438,62,4,0,0,11,6,1,7,239,5.160872381774995,3158274225962962467,2023-07-30 11:14:08,https://www.instagram.com/p/CvUcazdy04j/
155,19,4,0,0,2,5,1,7,189,4.081191967177715,3157273049339270902,2023-07-29 02:04:58,https://www.instagram.com/p/CvQ4xxEyBb2/
1488,202,5,0,0,6,0,0,7,69,1.4899589721442452,3153770214010263845,2023-07-24 06:05:28,https://www.instagram.com/p/CvEcU4NyfdU/
1488,202,5,0,0,6,0,0,7,69,1.4899589721442452,3153770213842541280,2023-07-24 06:05:28,https://www.instagram.com/p/CvEcU4NyfdU/
517,71,4,0,1,1,6,1,7,198,4.275534441805226,3152914070093397573,2023-07-23 01:48:08,https://www.instagram.com/p/CvBZqRTP35F/
684,93,4,0,0,3,4,0,7,75,1.6195206218959188,3151525204632039712,2023-07-21 03:45:02,https://www.instagram.com/p/Cu8d3sIS1Hv/
684,93,4,0,0,3,4,0,7,75,1.6195206218959188,3151525204481200494,2023-07-21 03:45:02,https://www.instagram.com/p/Cu8d3sIS1Hv/
586,83,4,0,0,5,2,0,7,115,2.4832649535737423,3150114010734093410,2023-07-19 05:01:14,https://www.instagram.com/p/Cu3dAGxSTOF/
586,83,4,0,0,5,2,0,7,115,2.4832649535737423,3150114010507680159,2023-07-19 05:01:14,https://www.instagram.com/p/Cu3dAGxSTOF/
647,90,4,0,0,15,0,0,7,108,2.332109695530123,3148977955863764385,2023-07-17 15:24:06,https://www.instagram.com/p/CuzasVaSWct/
647,90,4,0,0,15,0,0,7,108,2.332109695530123,3148977955846828630,2023-07-17 15:24:06,https://www.instagram.com/p/CuzasVaSWct/
700,105,3,0,0,3,1,0,7,337,7.277045994385661,3144255268301729471,2023-07-11 03:00:58,https://www.instagram.com/p/Cuio4LFxzPL/
700,105,3,0,0,3,1,0,7,337,7.277045994385661,3144255268301645708,2023-07-11 03:00:58,https://www.instagram.com/p/Cuio4LFxzPL/
171,25,3,0,0,10,0,0,7,53,1.144461239473116,3143762734547040964,2023-07-10 10:42:23,https://www.instagram.com/p/Cug44z6yXrE/
213,24,3,0,0,5,2,0,7,60,1.295616497516735,3139968875019091138,2023-07-05 05:04:40,https://www.instagram.com/p/CuTaQ45S7zC/
493,61,2,0,0,2,2,0,7,38,0.8205571150939321,3139880377553476693,2023-07-05 02:08:50,https://www.instagram.com/p/CuTGJFNS1xV/
483,59,2,0,0,2,2,0,7,132,2.8503562945368173,3139879688798344014,2023-07-05 02:07:28,https://www.instagram.com/p/CuTF_DwShNO/
1438,210,0,0,0,8,4,0,6,217,4.6858129993521915,3131369052808383839,2023-06-23 08:18:21,https://www.instagram.com/p/Ct025Fuy0RA/
1438,210,0,0,0,8,4,0,6,217,4.6858129993521915,3131369052816549344,2023-06-23 08:18:21,https://www.instagram.com/p/Ct025Fuy0RA/
1438,210,0,0,0,8,4,0,6,217,4.6858129993521915,3131369052816755787,2023-06-23 08:18:21,https://www.instagram.com/p/Ct025Fuy0RA/
287,42,2,0,0,3,3,0,6,262,5.657525372489744,3115281530332133984,2023-06-01 03:35:19,https://www.instagram.com/p/Cs7tA0Fy_fD/
287,42,2,0,0,3,3,0,6,262,5.657525372489744,3115281530508472932,2023-06-01 03:35:19,https://www.instagram.com/p/Cs7tA0Fy_fD/
343,46,4,0,0,2,6,1,5,162,3.498164543295185,3107283343449508378,2023-05-21 02:44:21,https://www.instagram.com/p/CsfSbzey8oa/
222,29,3,0,0,7,5,1,5,114,2.4616713452817964,3106712027050635266,2023-05-20 07:49:15,https://www.instagram.com/p/CsdQiDnyXAC/
224,26,4,0,0,11,1,0,4,454,9.803498164543296,3083638747230182778,2023-04-18 11:46:46,https://www.instagram.com/p/CrLSRpQSR16/
337,43,6,0,1,3,3,0,3,144,3.109479594040164,3064546065571951045,2023-03-23 03:34:23,https://www.instagram.com/p/CqHdGj0PLHF/
199,28,0,0,0,12,2,0,3,217,4.6858129993521915,3064106272741292610,2023-03-22 12:59:13,https://www.instagram.com/p/CqF5GzJSxSf/
199,28,0,0,0,12,2,0,3,217,4.6858129993521915,3064106272472820113,2023-03-22 12:59:13,https://www.instagram.com/p/CqF5GzJSxSf/
424,60,8,0,1,8,1,0,2,4796,103.56294536817101,3032786331072541325,2023-02-07 08:02:16,https://www.instagram.com/p/CoWnxmHPTKN/
181,31,3,0,1,9,1,0,1,1663,35.910170589505505,3022700784060699746,2023-01-24 09:57:44,https://www.instagram.com/p/CnyylkgO5Ri/
620,94,2,0,1,11,3,0,1,473,10.21377672209026,3019121881023549845,2023-01-19 11:36:53,https://www.instagram.com/p/CnmE1rUBJGV/
182,25,4,0,1,6,2,0,1,364,7.860073418268193,3013183146360822365,2023-01-11 06:49:18,https://www.instagram.com/p/CnQ-htqB9pd/
153,21,0,0,0,8,4,0,12,410,8.853379399697689,2999455834490653230,2022-12-23 08:10:20,https://www.instagram.com/p/CmgNTCOScou/
