post_id,is_video,video_duration,video_fps,video_frames,video_brightness,video_motion,face_count,has_text,text_density,brightness,dominant_hue,saturation,color_variance,sharpness,contrast,aspect_ratio
3706084487405513439,True,60.0,1.0,10.0,0.42342026228894336,0.2555636318763616,0,0,0.0,0.0,0.0,0.0,0.0,0.0,0.0,0.0
3696552105587907941,False,0.0,0.0,0.0,0.0,0.0,3,0,0.019260235540757183,0.8743378423634838,0.13333333333333333,0.4580901107822584,0.2190732119533841,0.08076809994408472,0.28771061577374646,0.7991120976692564
3687220633517176405,False,0.0,0.0,0.0,0.0,0.0,2,0,0.02277679443359375,0.878399439793007,0.12777777777777777,0.41941577686982995,0.21784488690418494,0.2549189988484746,0.296374029968939,0.8
3687220633517244595,False,0.0,0.0,0.0,0.0,0.0,0,0,0.0207305908203125,0.8884090917250689,0.12777777777777777,0.5336877710678998,0.17115294427708524,0.22363400006171247,0.28898948056743273,0.8
3687220633517249406,False,0.0,0.0,0.0,0.0,0.0,0,0,0.021681976318359376,0.8899090516333487,0.13333333333333333,0.5368376339183134,0.17505125802787477,0.24156792103619326,0.2887765610535876,0.8
3687220633517310222,False,0.0,0.0,0.0,0.0,0.0,0,0,0.020746612548828126,0.8912673950195312,0.13333333333333333,0.5362572524126838,0.1752945700119841,0.22401597813458196,0.2876744451888268,0.8
3687220633651512334,False,0.0,0.0,0.0,0.0,0.0,0,0,0.02140655517578125,0.8937206432866115,0.13333333333333333,0.5345543266745174,0.1766195761411486,0.232198782242248,0.2858079380513112,0.8
3687220633794098900,False,0.0,0.0,0.0,0.0,0.0,0,0,0.021672821044921874,0.8901357463761872,0.13333333333333333,0.536141040278416,0.1753456331936212,0.24038608586163274,0.28875136765280845,0.8
3685123499284273905,False,0.0,0.0,0.0,0.0,0.0,1,1,0.052483439157802146,0.8720166689033437,0.55,0.33365119299325424,0.08708723763395297,0.11493653513000084,0.2048165497240733,0.7504145936981758
3685123499410198305,False,0.0,0.0,0.0,0.0,0.0,0,1,0.05921497484950936,0.8475834599436285,0.55,0.3372185653899283,0.22949859158788374,0.265461175794768,0.21988581750430605,0.7504145936981758
3669155395924497972,False,0.0,0.0,0.0,0.0,0.0,6,0,0.03379128086419753,0.8602652868554829,0.08888888888888889,0.17971217774146694,0.2642575039812731,0.21435441982609724,0.30029313694057047,0.8
3652484690390415820,True,60.0,1.0,10.0,0.5107598507284858,0.2846749344703159,0,0,0.0,0.0,0.0,0.0,0.0,0.0,0.0,0.0
3651553548552551252,True,58.43333333333333,1.0,10.0,0.574855119825708,0.17163145935457516,0,0,0.0,0.0,0.0,0.0,0.0,0.0,0.0,0.0
3650531223954750581,True,60.0,1.0,10.0,0.5288037088099128,0.32524849366830066,0,0,0.0,0.0,0.0,0.0,0.0,0.0,0.0,0.0
3648957225445743429,False,0.0,0.0,0.0,0.0,0.0,5,0,0.04171367618514697,0.8425390879663107,0.12777777777777777,0.3678164014377325,0.23096130587923283,0.1332590534957446,0.3030867656192244,0.8143396226415094
3642437082435638473,False,0.0,0.0,0.0,0.0,0.0,17,0,0.047239463715884104,0.6863262673828956,0.28888888888888886,0.4256454074161866,0.29288566282172923,0.08322986371906735,0.3680968132229551,0.8003754693366708
3642197248207054583,False,0.0,0.0,0.0,0.0,0.0,0,0,0.04213572196974687,0.90497511019161,0.13333333333333333,0.2440437985552297,0.2534409334222334,0.21468376051580385,0.2891651078257802,0.8002371072910492
3641543059810425158,True,60.0,1.0,10.0,0.5366475141271786,0.45904496868191724,0,0,0.0,0.0,0.0,0.0,0.0,0.0,0.0,0.0
3640889257524671366,True,17.7,1.0,5.31,0.6164746241915302,0.2286112304424465,0,0,0.0,0.0,0.0,0.0,0.0,0.0,0.0,0.0
3640349921796290412,True,47.36666666666667,1.0,10.0,0.6490065955201525,0.3348894505718954,0,0,0.0,0.0,0.0,0.0,0.0,0.0,0.0,0.0
3640234598040536610,False,0.0,0.0,0.0,0.0,0.0,28,0,0.02806327160493827,0.766409563362382,0.1388888888888889,0.36361357419511015,0.28969871552599635,0.0702483460969703,0.2993463213865303,0.8
3639422930649624114,False,0.0,0.0,0.0,0.0,0.0,1,0,0.02426347971095053,0.7476327898215057,0.13333333333333333,0.355639546782829,0.2589889850126291,0.10486165865390142,0.37293039698377883,0.8004446914952752
3638879398738518213,True,31.433333333333334,1.0,9.43,0.501673683449074,0.27967364089733115,0,0,0.0,0.0,0.0,0.0,0.0,0.0,0.0,0.0
3628056289567829087,True,60.0,1.0,10.0,0.5686296253744554,0.2995704231345316,0,0,0.0,0.0,0.0,0.0,0.0,0.0,0.0,0.0
3617023457126775846,True,60.0,1.0,10.0,0.3231255659381808,0.27567814712690636,0,0,0.0,0.0,0.0,0.0,0.0,0.0,0.0,0.0
3600097847607464898,True,60.0,1.0,10.0,0.00394052509544396,0.5585141689033677,0,0,0.0,0.0,0.0,0.0,0.0,0.0,0.0,0.0
3599598186002073631,False,0.0,0.0,0.0,0.0,0.0,4,0,0.0231953125,0.8296338828890931,0.13333333333333333,0.5349929706648284,0.2765199719304862,0.03205337522719745,0.3355791069887303,0.8
3596515527768096458,False,0.0,0.0,0.0,0.0,0.0,6,0,0.033677734375,0.8580690353094362,0.12777777777777777,0.34486366421568626,0.22069408729053946,0.04459091155532245,0.2814288391599828,0.8
3595781136695624583,False,0.0,0.0,0.0,0.0,0.0,3,0,0.0247861328125,0.8157835420496324,0.13333333333333333,0.5069095683976715,0.2542281455008981,0.03798529042215721,0.34842190947170765,0.8
3594562052809245861,False,0.0,0.0,0.0,0.0,0.0,3,1,0.0826904296875,0.6291800734576057,0.5333333333333333,0.6543360093060662,0.22987748830942073,0.07412314023552834,0.23721074922548552,0.8
3594562052935097069,False,0.0,0.0,0.0,0.0,0.0,9,1,0.056353759765625,0.7445272198845359,0.5,0.44048297956878063,0.2530029607833928,0.09726208272930187,0.2951923824099611,0.8
3594562052943384189,False,0.0,0.0,0.0,0.0,0.0,7,1,0.061534881591796875,0.5728652475394455,0.4444444444444444,0.48556342330633423,0.2533746842611948,0.08036811795276032,0.2679350633544045,0.8
3582824881308033590,False,0.0,0.0,0.0,0.0,0.0,0,0,0.03014984130859375,0.8878252096737133,0.0,0.17298152848786,0.2769981024909472,0.09603584072600951,0.28554730476325,0.8
3582824881609915534,False,0.0,0.0,0.0,0.0,0.0,3,0,0.042438507080078125,0.8620550447351792,0.12777777777777777,0.24140608843635109,0.28356206061768346,0.1659824397745401,0.3065399029458391,0.8
3582823337736804772,False,0.0,0.0,0.0,0.0,0.0,0,0,0.03375701904296875,0.90522850485409,0.12777777777777777,0.3942994300991881,0.21969703179720276,0.11232559910317227,0.2579884357973197,0.8
3582823338022161567,False,0.0,0.0,0.0,0.0,0.0,0,0,0.035526275634765625,0.9081322195015702,0.0,0.1288647730210248,0.20556133465375648,0.16829504742156629,0.2553349811023412,0.8
3581345849567489583,False,0.0,0.0,0.0,0.0,0.0,5,1,0.09565353393554688,0.5662545925963159,0.19444444444444445,0.22517623003791362,0.2914329664163579,0.1063671678917389,0.3027353553945618,0.8
3581345849710147734,False,0.0,0.0,0.0,0.0,0.0,9,1,0.053011322021484376,0.7327717261220894,0.14444444444444443,0.37849036123238355,0.2556941288946781,0.102016692188642,0.2907151341134107,0.8
3569824210145007641,True,60.0,1.0,10.0,0.5022274731072984,0.3028217464937364,0,0,0.0,0.0,0.0,0.0,0.0,0.0,0.0,0.0
3566899023682668101,False,0.0,0.0,0.0,0.0,0.0,3,0,0.030932098765432098,0.8642167621506764,0.12777777777777777,0.3503793862126469,0.2613166544766306,0.14579785299812684,0.2957508268489379,0.8
3566899023892319317,False,0.0,0.0,0.0,0.0,0.0,0,0,0.02654252400548697,0.910061639635278,0.6166666666666667,0.20599761693429086,0.2961420443424987,0.28069317988190484,0.28288524079887695,0.8
3560448900249203832,False,0.0,0.0,0.0,0.0,0.0,0,0,0.02304128086419753,0.8916402717259744,0.0,0.1734509229000242,0.27149879898632273,0.14352552869694213,0.28753889091404794,0.8
3560448900257614565,False,0.0,0.0,0.0,0.0,0.0,2,0,0.031439814814814816,0.8490527687000726,0.12222222222222222,0.276209390885984,0.32676738565124613,0.20891546697609992,0.3360093672288273,0.8
3552626764814133541,False,0.0,0.0,0.0,0.0,0.0,4,0,0.0096201171875,0.6379213101256128,0.6333333333333333,0.41187517424938724,0.24216859602319438,0.008968694752459502,0.24351567404329313,0.8
3552626627526239719,False,0.0,0.0,0.0,0.0,0.0,6,0,0.02857080078125,0.7609049728094363,0.6055555555555555,0.34414435125612747,0.2670743110589449,0.01784164546288452,0.20549932300075974,0.8
3552626506713506105,False,0.0,0.0,0.0,0.0,0.0,6,0,0.009072265625,0.6474188955269607,0.6333333333333333,0.4447216911764706,0.24494561381385427,0.007112673682394023,0.23019095098546435,0.8
3530835180166666246,False,0.0,0.0,0.0,0.0,0.0,0,0,0.043671124828532235,0.7335265842276554,0.6166666666666667,0.40032367734473767,0.10297781202120003,0.3158699639023145,0.3093713314296274,1.0
3530834842365829719,False,0.0,0.0,0.0,0.0,0.0,11,1,0.09056069958847737,0.546580700798838,0.5444444444444444,0.5423009057532479,0.22727483678718188,0.2666531068790958,0.305606077527138,1.0
3530834842474901371,False,0.0,0.0,0.0,0.0,0.0,3,1,0.10508316186556928,0.5779470500820355,0.5777777777777777,0.5164695762392748,0.2593544124563411,0.19586358036731144,0.24616005714121544,1.0
3530834842592359406,False,0.0,0.0,0.0,0.0,0.0,0,1,0.13122342249657065,0.5757104212055192,0.5833333333333334,0.49373477635224183,0.24313145277003087,0.4108039471021948,0.25493723315482814,1.0
3523642731849596805,False,0.0,0.0,0.0,0.0,0.0,5,1,0.08827503429355281,0.5785447093789504,0.16666666666666666,0.2171635667984615,0.2836149678418482,0.2511888689615175,0.2604420562679246,1.0
3523642731849692444,False,0.0,0.0,0.0,0.0,0.0,16,1,0.10791409465020577,0.5455076622555743,0.5333333333333333,0.24122140186664515,0.29349969088016487,0.2893120881976054,0.2558609021817875,1.0
3523642731858004228,False,0.0,0.0,0.0,0.0,0.0,7,1,0.08665552126200274,0.5771695816186556,0.14444444444444443,0.2131416290110008,0.27874208082028823,0.24862706144672211,0.2555243846648451,1.0
3523642731858171450,False,0.0,0.0,0.0,0.0,0.0,7,1,0.08983624828532236,0.582404764786573,0.23333333333333334,0.23357706299254957,0.2957283419472691,0.2570285590693446,0.27299751063704486,1.0
3523642731992288519,False,0.0,0.0,0.0,0.0,0.0,26,1,0.14220336076817558,0.5749546955270449,0.16666666666666666,0.29151560692864253,0.2895521684847743,0.5176390523903786,0.29039111949556223,1.0
3523642732067716041,False,0.0,0.0,0.0,0.0,0.0,13,1,0.09638203017832647,0.5216837899082816,0.5777777777777777,0.5591952883348127,0.24961230506217175,0.4106437188437985,0.2913090204253917,1.0
3506831116391399293,False,0.0,0.0,0.0,0.0,0.0,0,0,0.040794753086419756,0.5177897132790016,0.5888888888888889,0.43387238763818287,0.1494439850700382,0.16924652083332095,0.22239420786825326,1.0
3506831116508814469,False,0.0,0.0,0.0,0.0,0.0,0,0,0.032454561042524005,0.6410701269533877,0.5555555555555556,0.2416920741547648,0.29687514842219204,0.2780304356138421,0.382022543713584,1.0
3506831116735146463,False,0.0,0.0,0.0,0.0,0.0,1,0,0.04631001371742113,0.5936030622125393,0.5777777777777777,0.6275689838349605,0.11511664835838796,0.27269289377572015,0.21633191284628123,1.0
3503070479307587036,False,0.0,0.0,0.0,0.0,0.0,0,0,0.03274348422496571,0.6807363498211356,0.4166666666666667,0.13045458793942816,0.3103118847663442,0.061669108698565574,0.27221808043599083,1.0
3503070479315943909,False,0.0,0.0,0.0,0.0,0.0,4,0,0.047521433470507544,0.7169701612469405,0.4722222222222222,0.12192995709943787,0.255879396588802,0.0692629929161844,0.22436382766140983,1.0
3503070479324435123,False,0.0,0.0,0.0,0.0,0.0,2,0,0.02941272290809328,0.6015487271040103,0.5,0.12156596129535491,0.21579502891044844,0.07091578215765719,0.27183268356704454,1.0
3503070479391652713,False,0.0,0.0,0.0,0.0,0.0,6,1,0.05309927983539094,0.542410234944458,0.2,0.23172934317760024,0.28690813245963487,0.12504115645003977,0.29160665233245076,1.0
3503070479550912523,False,0.0,0.0,0.0,0.0,0.0,10,1,0.0704295267489712,0.4799081739691762,0.5777777777777777,0.5370198297425967,0.27092229374629057,0.2464090285492205,0.26720058570185284,1.0
3503070479626397222,False,0.0,0.0,0.0,0.0,0.0,0,0,0.014893689986282578,0.5723473869657603,0.5833333333333334,0.16655291293472121,0.24781555527872048,0.07319437964158407,0.2869253069281825,1.0
3500999682896217891,True,45.266666666666666,1.0,10.0,0.003929193899782135,0.21146571180555557,0,0,0.0,0.0,0.0,0.0,0.0,0.0,0.0,0.0
3496520888055542843,False,0.0,0.0,0.0,0.0,0.0,2,0,0.032983539094650204,0.7154260873073509,0.5444444444444444,0.11780124868877592,0.29742981969863613,0.06349223212818278,0.2347708128812304,1.0
3496520888072324257,False,0.0,0.0,0.0,0.0,0.0,1,1,0.05925925925925926,0.5210716533526991,0.5611111111111111,0.19983792597971975,0.349700954146962,0.09543473498955252,0.32447398753264733,1.0
3496520888072475158,False,0.0,0.0,0.0,0.0,0.0,5,0,0.04066443758573388,0.7025534912181608,0.5666666666666667,0.1772021672180532,0.2641870546736425,0.06604497434260095,0.24669225418675508,1.0
3496520888340890044,False,0.0,0.0,0.0,0.0,0.0,11,1,0.0711059670781893,0.5485557169369806,0.5777777777777777,0.4526412961618118,0.2710822340286809,0.27141745719416605,0.2883084751944536,1.0
3496520888349182183,False,0.0,0.0,0.0,0.0,0.0,1,0,0.03556412894375857,0.569976391242368,0.55,0.14779033190779742,0.29911408485617585,0.08109702914227278,0.21280225566153518,1.0
3496520888357677615,False,0.0,0.0,0.0,0.0,0.0,2,0,0.029934842249657066,0.7080687014174668,0.5,0.09730518236101024,0.29302334460916774,0.06106463125826283,0.2301149828039329,1.0
3496517535087173406,False,0.0,0.0,0.0,0.0,0.0,6,0,0.022629458161865568,0.6258768458000483,0.6333333333333333,0.18567808104037226,0.2714094397838041,0.04433828231768312,0.3369339243451147,1.0
3496517534911036017,False,0.0,0.0,0.0,0.0,0.0,12,1,0.07217249657064471,0.6025796652680276,0.5777777777777777,0.4963385883159848,0.2558175849721906,0.2519735930144642,0.3206018980970931,1.0
3496517534919273710,False,0.0,0.0,0.0,0.0,0.0,0,0,0.04611882716049383,0.33428689582829013,0.18888888888888888,0.18800755803007074,0.28233619165549056,0.12265779786773019,0.23483636103173194,1.0
3496517534927615242,False,0.0,0.0,0.0,0.0,0.0,9,1,0.05822702331961591,0.43668367559643884,0.1388888888888889,0.36059497633072435,0.2691582798834894,0.10579516225009095,0.2845060445428597,1.0
3496517534927751408,False,0.0,0.0,0.0,0.0,0.0,6,0,0.047469135802469135,0.4882086392856182,0.5,0.20899497027892092,0.32125420444560826,0.09506590642109372,0.292546279991617,1.0
3488827719306392678,False,0.0,0.0,0.0,0.0,0.0,0,0,0.0323585390946502,0.6923217811129938,0.5888888888888889,0.5208955761316872,0.17738287331804975,0.20485097330580335,0.28555808300149566,1.0
3488412422527058738,True,24.5,1.0,7.35,0.0,0.6495184929874728,0,0,0.0,0.0,0.0,0.0,0.0,0.0,0.0,0.0
3485882265908021141,False,0.0,0.0,0.0,0.0,0.0,1,1,0.07573486328125,0.7122677049823837,0.5777777777777777,0.3549862443512561,0.26373303951209426,0.19182812914671768,0.3279901428831573,1.0
3485882266042257420,False,0.0,0.0,0.0,0.0,0.0,4,1,0.069683837890625,0.6132858623429841,0.5777777777777777,0.53016748046875,0.18220313689939988,0.29025282171118116,0.2525049593517524,1.0
3484208200927517265,False,0.0,0.0,0.0,0.0,0.0,41,1,0.0802215576171875,0.4548101471545649,0.5777777777777777,0.3103458251953125,0.36856973004412835,0.08615292951240296,0.29506534755367403,1.0
3484208200944338443,False,0.0,0.0,0.0,0.0,0.0,32,1,0.094482421875,0.5232430228439032,0.11666666666666667,0.3584372510723039,0.36617764746361053,0.2907968308514022,0.2439555980152857,1.0
3484208201070261169,False,0.0,0.0,0.0,0.0,0.0,6,0,0.0440087890625,0.5496975791781555,0.5777777777777777,0.6540019866344975,0.28117023807458436,0.11760722033065163,0.23350754812306002,1.0
3483439715381391914,False,0.0,0.0,0.0,0.0,0.0,8,1,0.0649871826171875,0.5227430826822916,0.5777777777777777,0.6108677978515625,0.2392696224942413,0.2507478037593974,0.27400591584271244,1.0
3483439715389602625,False,0.0,0.0,0.0,0.0,0.0,46,1,0.0624249267578125,0.4367468213848039,0.06666666666666667,0.36494397930070466,0.35200240964107293,0.0863359872395709,0.22802816391218256,1.0
3483439715389745333,False,0.0,0.0,0.0,0.0,0.0,10,1,0.0635540771484375,0.5629788914100796,0.13333333333333333,0.29118885474111517,0.3235817457511875,0.09388117606111919,0.29311165404497475,1.0
3477788136980573893,False,0.0,0.0,0.0,0.0,0.0,2,0,0.04749228395061728,0.7151827980849405,0.5888888888888889,0.4859562723580516,0.11768098771830261,0.27083922483582484,0.25484727446041916,1.0
3477788137005757697,False,0.0,0.0,0.0,0.0,0.0,6,1,0.05236368312757202,0.6259210643104979,0.5888888888888889,0.29443937101589607,0.18140111738622625,0.28992825703014885,0.3387684958716259,1.0
3472033923809694391,False,0.0,0.0,0.0,0.0,0.0,10,1,0.06816872427983539,0.667772462277092,0.5777777777777777,0.4197658792597972,0.2274186940776908,0.534843015089134,0.2951892722103534,1.0
3472033923809791848,False,0.0,0.0,0.0,0.0,0.0,1,0,0.03414351851851852,0.6137445533769063,0.5777777777777777,0.6174417009602196,0.1551988583152217,0.18530061651233679,0.21883194814427567,1.0
3472033923935760405,False,0.0,0.0,0.0,0.0,0.0,0,0,0.0244230109739369,0.46560812219263564,0.5833333333333334,0.2573649439199548,0.29251947838468845,0.141311626886116,0.36909386968109814,1.0
3471125521550049781,False,0.0,0.0,0.0,0.0,0.0,9,1,0.09812757201646091,0.5597077348772156,0.5777777777777777,0.520572440087146,0.2559496258241179,0.41664510327245863,0.30349512140193374,1.0
3471125521550108093,False,0.0,0.0,0.0,0.0,0.0,1,1,0.24582218792866942,0.5699155369966916,0.2222222222222222,0.24289591570510236,0.2567929370761498,0.8294410620083392,0.23412195497773833,1.0
3471125521592214688,False,0.0,0.0,0.0,0.0,0.0,7,1,0.1473053840877915,0.6265242072137497,0.19444444444444445,0.28320802065682243,0.268606178521881,0.422340384684988,0.2896133530440863,1.0
3471125521852189494,False,0.0,0.0,0.0,0.0,0.0,8,1,0.08530264060356653,0.5676449675892304,0.13333333333333333,0.2238826656176874,0.2152210887537219,0.2395723026481414,0.28946424735559334,1.0
3469680414221173756,False,0.0,0.0,0.0,0.0,0.0,3,1,0.060188614540466395,0.5536687141934963,0.13333333333333333,0.42294112603889294,0.23781756151808137,0.14538012096908742,0.23231301662089962,1.0
3463069649129334900,True,32.4,1.0,9.72,0.5567187712758715,0.2210675508918845,0,0,0.0,0.0,0.0,0.0,0.0,0.0,0.0,0.0
3463063865016263465,False,0.0,0.0,0.0,0.0,0.0,2,1,0.06559756515775034,0.4869462196401194,0.1111111111111111,0.3880921824148041,0.2675806212186065,0.11234722324796985,0.21866361679199736,1.0
3463063865024690492,False,0.0,0.0,0.0,0.0,0.0,10,1,0.07464763374485597,0.6282467421124829,0.5444444444444444,0.13415455633556578,0.24372966640692778,0.15832465019569872,0.25127735540313856,1.0
3463063865041448753,False,0.0,0.0,0.0,0.0,0.0,5,1,0.07517661179698217,0.5016006045079211,0.5277777777777778,0.3340724300008069,0.2444553558512739,0.09530637671441303,0.242377084561773,1.0
3463063865158871713,False,0.0,0.0,0.0,0.0,0.0,10,1,0.12258230452674897,0.6024272169773259,0.5722222222222222,0.46035765822103875,0.27511834270455826,0.28049642502178007,0.20687801144545784,1.0
3463063865159003573,False,0.0,0.0,0.0,0.0,0.0,12,1,0.09998713991769548,0.5381135856262944,0.5777777777777777,0.5396236047230963,0.24720891166124886,0.3533172661969646,0.28050621725615293,1.0
3463063865309808903,False,0.0,0.0,0.0,0.0,0.0,3,1,0.08241340877914952,0.5606423451410742,0.5444444444444444,0.40731812985825333,0.2411705087497256,0.12309237791183279,0.20404735656675943,1.0
3448075092222430710,False,0.0,0.0,0.0,0.0,0.0,6,1,0.05666495198902606,0.5865426013340864,0.5722222222222222,0.47207025135156944,0.22395838002750254,0.21198302883243683,0.3181018737951929,1.0
3440000934213184576,True,60.0,0.9971,10.0,0.447704290917756,0.2563708724809368,0,0,0.0,0.0,0.0,0.0,0.0,0.0,0.0,0.0
3437835906965928903,False,0.0,0.0,0.0,0.0,0.0,31,1,0.075804443359375,0.6613701411228554,0.5777777777777777,0.43904420381433823,0.2365732174011907,0.32631780578138087,0.2946805937676858,1.0
3437363197278432684,False,0.0,0.0,0.0,0.0,0.0,8,1,0.0875522976680384,0.5297969149250922,0.5777777777777777,0.6465411388149224,0.3211194641330879,0.19836904400634767,0.2487077702197649,1.0
3437363197278579860,False,0.0,0.0,0.0,0.0,0.0,25,1,0.23100651577503428,0.6406916101831679,0.3388888888888889,0.28632434304311577,0.24670756607930255,0.2823012601738032,0.25308223588535117,1.0
3437363197278664222,False,0.0,0.0,0.0,0.0,0.0,19,1,0.14423696844993142,0.5326901980956992,0.14444444444444443,0.3706062629441351,0.3643034210459529,0.45377005999204,0.26112272861457125,1.0
3437363197286913688,False,0.0,0.0,0.0,0.0,0.0,14,1,0.2402494855967078,0.5517639662174884,0.36666666666666664,0.27686551211705535,0.25699443646695447,0.8362217363374113,0.2617417082283159,1.0
3437363197286920629,False,0.0,0.0,0.0,0.0,0.0,26,1,0.18743398491083677,0.6367976478657307,0.5333333333333333,0.2775130315500686,0.3085092986277351,0.45976141529069064,0.26411318680384294,1.0
3436643505555418814,False,0.0,0.0,0.0,0.0,0.0,0,0,0.028141289437585735,0.7207482079937599,0.5944444444444444,0.4906255009548401,0.20568656440557997,0.13603089428100198,0.25610948475576584,1.0
3427273800155785819,True,60.0,1.0,10.0,0.0,0.13144268185669328,0,0,0.0,0.0,0.0,0.0,0.0,0.0,0.0,0.0
3427274330206829064,False,0.0,0.0,0.0,0.0,0.0,3,0,0.030965363511659807,0.4583969041663305,0.4166666666666667,0.7275097803867775,0.21970867890902654,0.1495077616473918,0.20372407416045726,1.0
3424340422485969547,False,0.0,0.0,0.0,0.0,0.0,2,1,0.06081275720164609,0.5111247949111057,0.5777777777777777,0.5282538227225045,0.20724598571756642,0.21474286531030556,0.27806140197843227,1.0
3424340422653788799,False,0.0,0.0,0.0,0.0,0.0,3,0,0.04370970507544582,0.5507472329809839,0.5333333333333333,0.12935169383253986,0.35233735575822367,0.0640093070158655,0.3331252344488424,1.0
3424340422653842928,False,0.0,0.0,0.0,0.0,0.0,3,0,0.04202674897119341,0.5906581773312891,0.4166666666666667,0.187553847602141,0.36850689406258447,0.05688498636826681,0.25256553571869306,1.0
3424340422729363118,False,0.0,0.0,0.0,0.0,0.0,1,0,0.027207647462277093,0.5920677230425778,0.1388888888888889,0.11910192245622528,0.2741138282796383,0.06053664471405073,0.2883750728047308,1.0
3424340422771256573,False,0.0,0.0,0.0,0.0,0.0,1,0,0.02286436899862826,0.4801587152693725,0.5333333333333333,0.1134409444847898,0.31157195487784123,0.06865718783280943,0.2865824478193323,1.0
3422761670824152757,True,60.0,1.0,10.0,1.0,0.574566304125817,0,0,0.0,0.0,0.0,0.0,0.0,0.0,0.0,0.0
3419622382481569685,True,55.766666666666666,1.0,10.0,0.5298129723243464,0.27318538092320266,0,0,0.0,0.0,0.0,0.0,0.0,0.0,0.0,0.0
3411811524296761750,True,34.766666666666666,1.0,10.0,0.45875061274509804,0.3106741515182462,0,0,0.0,0.0,0.0,0.0,0.0,0.0,0.0,0.0
3411044216242585983,True,60.0,1.0,10.0,0.19872942623229847,0.14284407764842047,0,0,0.0,0.0,0.0,0.0,0.0,0.0,0.0,0.0
3408365708835949646,False,0.0,0.0,0.0,0.0,0.0,4,0,0.04393004115226337,0.614001462519164,0.5777777777777777,0.49273339452379034,0.14881381533501278,0.1573784556578629,0.3094944558414072,1.0
3399607954587610398,False,0.0,0.0,0.0,0.0,0.0,1,0,0.04170267489711934,0.6896264053632427,0.5555555555555556,0.2604481427687673,0.20319365100444398,0.2692560095454267,0.2983377717121779,1.0
3396550941569845500,False,0.0,0.0,0.0,0.0,0.0,0,1,0.06087534293552812,0.738053847602141,0.5611111111111111,0.4146928541649856,0.20303047317304682,0.1755010329057118,0.29372584427248377,1.0
3392127920872358890,False,0.0,0.0,0.0,0.0,0.0,0,0,0.03692644032921811,0.8777527838295812,0.5666666666666667,0.14095116194626,0.2780542749322442,0.2260311195224914,0.2906234134392598,1.0
3389403999178019890,False,0.0,0.0,0.0,0.0,0.0,4,0,0.042544581618655694,0.6526443018908524,0.5777777777777777,0.5574551729470938,0.2108629746696433,0.1555864668134139,0.2959797291300389,1.0
3385040656514165450,True,38.93333333333333,1.0,10.0,0.5322115374795752,0.2825947627314815,0,0,0.0,0.0,0.0,0.0,0.0,0.0,0.0,0.0
3384800331703116471,False,0.0,0.0,0.0,0.0,0.0,0,0,0.04397548010973937,0.7990010388929234,0.6222222222222222,0.2985789457758412,0.26096097999582496,0.1898697549564663,0.3105323753329419,1.0
3384800331703152977,False,0.0,0.0,0.0,0.0,0.0,0,0,0.022559799382716048,0.9226269479242315,0.9444444444444444,0.13057301500847251,0.16009917910033725,0.047539155326658346,0.22600813304916295,1.0
3384246404972555356,True,60.0,1.0,10.0,0.3281841852192266,0.3215880012595316,0,0,0.0,0.0,0.0,0.0,0.0,0.0,0.0,0.0
3382701419706145830,False,0.0,0.0,0.0,0.0,0.0,20,0,0.027849,0.6797029241830065,0.5833333333333334,0.2956520840958606,0.2236404499255576,0.11127922432080142,0.32393427063506086,1.0
3382699513654989693,False,0.0,0.0,0.0,0.0,0.0,5,1,0.08098422496570645,0.5428533580784851,0.5777777777777777,0.5467561291320369,0.2755622267314708,0.12353803068222735,0.2947303677265341,1.0
3382699513663391328,False,0.0,0.0,0.0,0.0,0.0,3,1,0.052587448559670784,0.5359945735495844,0.13333333333333333,0.2995141376852524,0.19641460791855805,0.09395783664371936,0.289977652225191,1.0
3382699513805858714,False,0.0,0.0,0.0,0.0,0.0,29,1,0.25143004115226336,0.4723668804970548,0.25,0.3859233976169343,0.2623921475850226,0.7188239267828173,0.2563801199505333,1.0
3379424555843555915,False,0.0,0.0,0.0,0.0,0.0,2,0,0.034570473251028806,0.5041694874794911,0.14444444444444443,0.2170495306490223,0.3452340044589104,0.08612458444752386,0.22075535706786603,1.0
3379424555860311157,False,0.0,0.0,0.0,0.0,0.0,14,1,0.11021519204389575,0.4908828034643212,0.5777777777777777,0.6015357459856371,0.23872954662991722,0.16716142894111224,0.25323153565038287,1.0
3379424555969326333,False,0.0,0.0,0.0,0.0,0.0,1,1,0.13264917695473252,0.5483232436321579,0.15555555555555556,0.4035743699400199,0.2661524009081088,0.14742219500541456,0.2682073040368795,1.0
3379424556002947222,False,0.0,0.0,0.0,0.0,0.0,2,0,0.025396947873799727,0.5841071942494419,0.08888888888888889,0.19801032168697383,0.35031050048453055,0.0618158961720207,0.22241783241134433,1.0
3379424556003019626,False,0.0,0.0,0.0,0.0,0.0,1,1,0.09005744170096022,0.6705562380644988,0.12222222222222222,0.35052444928588716,0.33518916890673484,0.11468218763175958,0.25246875365851434,1.0
3373424053905385438,False,0.0,0.0,0.0,0.0,0.0,1,1,0.058487031465134794,0.9115224728334749,0.11666666666666667,0.1833440320480779,0.2349058090278509,0.19443482526368525,0.25081228643432474,1.0
3372928471973576541,True,14.833425110132158,0.9685333333333334,4.31,0.47178965822440083,0.30221437142565355,0,0,0.0,0.0,0.0,0.0,0.0,0.0,0.0,0.0
3366806123491044849,False,0.0,0.0,0.0,0.0,0.0,1,0,0.04249657064471879,0.6436401799402889,0.5777777777777777,0.5604177122838162,0.1519529917328044,0.20319364898938802,0.32883444331133255,1.0
3358984459772304336,False,0.0,0.0,0.0,0.0,0.0,0,0,0.03449331275720165,0.6176953992845423,0.5777777777777777,0.5807049476855214,0.16037388862712879,0.18818526541066527,0.3024751991681612,1.0
3358809293054530846,False,0.0,0.0,0.0,0.0,0.0,1,0,0.010267390946502057,0.8373432916431318,0.5666666666666667,0.37363537153769605,0.12241995931683643,0.030862957906148653,0.21805194798847502,1.0
3357700832149297954,False,0.0,0.0,0.0,0.0,0.0,6,0,0.026832133058984912,0.5652954187847978,0.5888888888888889,0.22200123389547863,0.31119350526040457,0.04011186813906406,0.24253516311185816,1.0
3357700832275042769,False,0.0,0.0,0.0,0.0,0.0,1,0,0.036526063100137174,0.5062295751633986,0.5777777777777777,0.5527110667312192,0.23190541369856163,0.16812431830069977,0.24043158558095715,1.0
3357700832283417844,False,0.0,0.0,0.0,0.0,0.0,4,0,0.01939986282578875,0.39480135627639257,0.4166666666666667,0.26982166007692515,0.3154655515805623,0.06811736891147425,0.22463207831960194,1.0
3357695527109775728,False,0.0,0.0,0.0,0.0,0.0,6,0,0.03995627572016461,0.5861488407434304,0.5777777777777777,0.5320113942010274,0.13428882326689962,0.15772470368868685,0.31135204839579184,1.0
3354781738005332011,True,60.0,1.0,10.0,0.6239661373229848,0.30390584575844226,0,0,0.0,0.0,0.0,0.0,0.0,0.0,0.0,0.0
3354401678412926336,False,0.0,0.0,0.0,0.0,0.0,2,1,0.06517318244170096,0.6685961160870384,0.16666666666666666,0.1517115441512682,0.21804450246577012,0.14564554782855446,0.24143282780461844,1.0
3354401678421274627,False,0.0,0.0,0.0,0.0,0.0,3,1,0.07354681069958847,0.6632445836359235,0.16666666666666666,0.17450575257537856,0.2858229462100651,0.19291064740167652,0.27912242495359024,1.0
3354401678429705359,False,0.0,0.0,0.0,0.0,0.0,2,1,0.05820730452674897,0.5673428010435999,0.5777777777777777,0.5917678326474622,0.22247439866717617,0.24263187799150795,0.28796318447162667,1.0
3354401678463232702,False,0.0,0.0,0.0,0.0,0.0,3,1,0.06159722222222222,0.5132138606471395,0.2,0.2976105597245757,0.31261321370629863,0.1993567332009643,0.28396088074669645,1.0
3350847526923908503,False,0.0,0.0,0.0,0.0,0.0,1,0,0.03186042524005487,0.5442425394712069,0.5777777777777777,0.5789713144517066,0.21473957914577663,0.1730114179501044,0.25028407563247745,1.0
3342159481857100330,True,60.0,1.0,10.0,0.10278967524509804,0.11075888054874727,0,0,0.0,0.0,0.0,0.0,0.0,0.0,0.0,0.0
3339624300713376957,False,0.0,0.0,0.0,0.0,0.0,4,0,0.025791859567901233,0.6144258975580974,0.5777777777777777,0.4957979510862987,0.18797981962601898,0.08043303597197773,0.3182923896826384,1.0
3339624300587687308,False,0.0,0.0,0.0,0.0,0.0,0,0,0.015493827160493827,0.866757670660857,0.5888888888888889,0.14160410047506655,0.16147454711476228,0.0995500911262918,0.17692372979780985,1.0
3339624300587756543,False,0.0,0.0,0.0,0.0,0.0,3,0,0.027789834104938273,0.6215441044087389,0.5777777777777777,0.49491327576555316,0.20875582336280168,0.07858773601078886,0.32560889472549776,1.0
3339624300604397520,False,0.0,0.0,0.0,0.0,0.0,6,0,0.03676456404320988,0.6349148038459211,0.5777777777777777,0.4787754988955459,0.20325961902054673,0.1249515597463426,0.32329585666222665,1.0
3331596616389607969,True,17.733333333333334,1.0,5.32,0.012726719941448802,0.4311663390182462,0,0,0.0,0.0,0.0,0.0,0.0,0.0,0.0,0.0
3321962818978748408,False,0.0,0.0,0.0,0.0,0.0,0,0,0.03534379286694102,0.7912747619623981,0.6166666666666667,0.28163904690820085,0.0902319248253333,0.23257865286322,0.21800285426616092,1.0
3310239142675830821,True,60.0,1.0,10.0,0.5267947346473312,0.30057017207924835,0,0,0.0,0.0,0.0,0.0,0.0,0.0,0.0,0.0
3302606504804750719,True,60.0,0.8333333333333334,10.0,0.24217464204486716,0.09554806764533581,0,0,0.0,0.0,0.0,0.0,0.0,0.0,0.0,0.0
3302602862018417010,True,60.0,0.8333333333333334,10.0,0.242159888779765,0.12992031083083497,0,0,0.0,0.0,0.0,0.0,0.0,0.0,0.0,0.0
3302593294106248815,True,60.0,0.8333333333333334,10.0,0.30790212877769735,0.18800822306075332,0,0,0.0,0.0,0.0,0.0,0.0,0.0,0.0,0.0
3302590186890211331,True,60.0,0.999,10.0,0.0012682423584548055,0.20926424820807057,0,0,0.0,0.0,0.0,0.0,0.0,0.0,0.0,0.0
3302548152632506184,True,60.0,1.0,10.0,0.0012314814814814816,0.12363359119689543,0,0,0.0,0.0,0.0,0.0,0.0,0.0,0.0,0.0
3302520808303789875,True,60.0,0.8333333333333334,10.0,0.276411700878268,0.1113060661764706,0,0,0.0,0.0,0.0,0.0,0.0,0.0,0.0,0.0
3302517380324421338,True,60.0,0.8333333333333334,10.0,0.28986512608118814,0.07864027662910507,0,0,0.0,0.0,0.0,0.0,0.0,0.0,0.0,0.0
3302512017696912714,True,60.0,0.999,10.0,0.0,0.5115195908224401,0,0,0.0,0.0,0.0,0.0,0.0,0.0,0.0,0.0
3302457955953850183,True,60.0,0.8333333333333334,10.0,0.30790047576587753,0.15435289163996002,0,0,0.0,0.0,0.0,0.0,0.0,0.0,0.0,0.0
3302451955792251037,True,60.0,0.8333999999999999,10.0,0.2562565097436163,0.1108580638977911,0,0,0.0,0.0,0.0,0.0,0.0,0.0,0.0,0.0
3302431768707734530,True,60.0,0.8335333333333333,10.0,0.2859236749387255,0.10909848600898692,0,0,0.0,0.0,0.0,0.0,0.0,0.0,0.0,0.0
3302422195619798937,True,60.0,0.999,10.0,0.17864082073801743,0.09379485379221132,0,0,0.0,0.0,0.0,0.0,0.0,0.0,0.0,0.0
3302398887981503114,True,60.0,0.9990666666666667,10.0,0.07330666615604575,0.11035190291394335,0,0,0.0,0.0,0.0,0.0,0.0,0.0,0.0,0.0
3302354377155258929,True,60.0,0.8,10.0,0.0012352941176470588,0.1798364523760893,0,0,0.0,0.0,0.0,0.0,0.0,0.0,0.0,0.0
3301722445983603800,False,0.0,0.0,0.0,0.0,0.0,18,1,0.07174468449931413,0.7215029922805886,0.6,0.3199367384814008,0.24486740155787498,0.24333475235995142,0.28198107260795313,1.0
3301722445992049592,False,0.0,0.0,0.0,0.0,0.0,4,1,0.060839334705075444,0.7228321330589849,0.5944444444444444,0.29369263562763925,0.24123788232668536,0.21975890925410926,0.29758917914642713,1.0
3301722446109402658,False,0.0,0.0,0.0,0.0,0.0,12,1,0.06794495884773663,0.7164972733263402,0.5722222222222222,0.3139053195352215,0.2530495600964389,0.2418615280797303,0.2826989576879826,1.0
3301006097766892999,False,0.0,0.0,0.0,0.0,0.0,13,1,0.06820558984910836,0.7753958988945373,0.5888888888888889,0.3090883765028645,0.24171188171846325,0.39504658361064365,0.2649972136413755,1.0
3301006097884364384,False,0.0,0.0,0.0,0.0,0.0,12,1,0.06985168038408779,0.743962663734904,0.5888888888888889,0.30703969310632345,0.2451430598584772,0.36996332520872305,0.2771351740017335,1.0
3301006097892549225,False,0.0,0.0,0.0,0.0,0.0,4,1,0.05744855967078189,0.782013925872132,0.5611111111111111,0.28085975617956377,0.25881591827891315,0.3193453233225778,0.2577920718366368,1.0
3297253095406852833,False,0.0,0.0,0.0,0.0,0.0,0,1,0.05383573388203018,0.6722976075203744,0.5888888888888889,0.22276859920923103,0.22987816328411634,0.13687674018923304,0.30752139879388674,1.0
3297253095423623633,False,0.0,0.0,0.0,0.0,0.0,0,0,0.03976680384087791,0.6157843977783157,0.5888888888888889,0.2067229652491998,0.23726500224059982,0.12028160609195322,0.2739667752765813,1.0
3297253095549612610,False,0.0,0.0,0.0,0.0,0.0,2,1,0.08033950617283951,0.6004124270421475,0.5833333333333334,0.2450873712310713,0.2666187746669038,0.15309924129875155,0.283576764075968,1.0
3297253095557987824,False,0.0,0.0,0.0,0.0,0.0,0,1,0.05439043209876543,0.7213435877780467,0.5888888888888889,0.2529471744802173,0.22336994358720144,0.1644591844545118,0.26783647640039016,1.0
3293132225952364409,False,0.0,0.0,0.0,0.0,0.0,18,1,0.06587620027434843,0.7547171925011431,0.5888888888888889,0.2522516642459453,0.22449041626058003,0.20864507609109,0.27695347841779083,1.0
3287909283316621946,False,0.0,0.0,0.0,0.0,0.0,2,1,0.05047984182098766,0.6993059640522876,0.6,0.2594707943748487,0.2588393891203391,0.15109768682437572,0.29465341532798506,1.0
3287909283425615637,False,0.0,0.0,0.0,0.0,0.0,1,0,0.04332368827160494,0.7314875011347132,0.5944444444444444,0.25272100240559187,0.2413655890484302,0.1336251348826425,0.2736821144766323,1.0
3278469938897501562,False,0.0,0.0,0.0,0.0,0.0,1,1,0.06593364197530864,0.7475924345732806,0.5888888888888889,0.2797567712956239,0.22813668918651125,0.24155542948615175,0.27658927844712505,1.0
3275427373352986168,True,60.0,1.0,10.0,0.47768188316993465,0.2708898207720588,0,0,0.0,0.0,0.0,0.0,0.0,0.0,0.0,0.0
3268381682634011197,False,0.0,0.0,0.0,0.0,0.0,0,1,0.05303926611796982,0.7758651826299793,0.5888888888888889,0.26450786398235565,0.24924903891529698,0.1970819620157127,0.2749005975839913,1.0
3261305811582323691,True,40.5,1.0,10.0,0.6193848166870916,0.28792696418845315,0,0,0.0,0.0,0.0,0.0,0.0,0.0,0.0,0.0
3248017321474234941,False,0.0,0.0,0.0,0.0,0.0,3,1,0.05843278463648834,0.7688045939912316,0.6,0.27714965437478145,0.24315933611716006,0.21870306383095198,0.26160312019375703,1.0
3242942733182727377,False,0.0,0.0,0.0,0.0,0.0,4,1,0.07258573388203018,0.7547431244788725,0.6,0.3112601535813228,0.22417649064260636,0.3251586866018713,0.2668340345491879,1.0
3241466796008271471,False,0.0,0.0,0.0,0.0,0.0,4,1,0.06270318930041152,0.780635681433067,0.5944444444444444,0.30630638263535864,0.22787635292709743,0.28396886681449107,0.2732912274957782,1.0
3227633248595789352,False,0.0,0.0,0.0,0.0,0.0,2,1,0.05805641289437586,0.769969115629791,0.5944444444444444,0.30271241157642753,0.25998356473857687,0.2696148265195666,0.26959614284417055,1.0
3221349512195462164,False,0.0,0.0,0.0,0.0,0.0,6,1,0.06062157064471879,0.7363364298394254,0.6,0.34777197477070393,0.22423204729340926,0.18205697252180397,0.28756292862264243,1.0
3209556066010724093,True,18.266666666666666,1.0,5.48,0.597051815257353,0.3951692793436819,0,0,0.0,0.0,0.0,0.0,0.0,0.0,0.0,0.0
3203813646820586749,True,14.033333333333333,1.0,4.21,0.00392156862745098,0.37327395797500285,0,0,0.0,0.0,0.0,0.0,0.0,0.0,0.0,0.0
3201458729900415432,False,0.0,0.0,0.0,0.0,0.0,0,0,0.028411351165980796,0.5241814397912801,0.3055555555555556,0.6528737392076173,0.1397371437828751,0.09207841014529249,0.3549768344292655,1.0
3197402379000114848,False,0.0,0.0,0.0,0.0,0.0,0,1,0.051714677640603564,0.7995551117566367,0.5944444444444444,0.3027184532935259,0.17580039863166094,0.15090376968440408,0.26473321426331575,1.0
3197402379008361878,False,0.0,0.0,0.0,0.0,0.0,0,1,0.05311042524005487,0.8062945917049947,0.5944444444444444,0.281781691277334,0.2444643370865922,0.19029933809197536,0.26830570486418004,1.0
3197402379008408021,False,0.0,0.0,0.0,0.0,0.0,0,1,0.05442729766803841,0.8071047937007451,0.5944444444444444,0.28186011928777,0.24424871534975334,0.19256617888903527,0.26852797891817043,1.0
3197402379008508325,False,0.0,0.0,0.0,0.0,0.0,0,1,0.05297067901234568,0.8025903029936254,0.5944444444444444,0.2879554419161355,0.23653376769851972,0.18727975389139975,0.2665380729816603,1.0
3197402379134217444,False,0.0,0.0,0.0,0.0,0.0,3,0,0.04988768861454047,0.8015773689448344,0.6,0.3240697974663116,0.24187342778772652,0.14588310267520288,0.2563326039174814,1.0
3195921781702075159,False,0.0,0.0,0.0,0.0,0.0,7,1,0.094599451303155,0.6465454961133973,0.6222222222222222,0.5941867586540789,0.17732506497084527,0.3218787088557233,0.28947484116673494,0.8
3192418412907877372,False,0.0,0.0,0.0,0.0,0.0,0,0,0.049059499314128945,0.7596518800936012,0.5888888888888889,0.3138603781704726,0.23993886229903183,0.14271884451612743,0.2590781383289175,1.0
3190935393818805302,False,0.0,0.0,0.0,0.0,0.0,9,1,0.05832133058984911,0.756893918609968,0.5888888888888889,0.27207940974743805,0.19912090963679274,0.1701776943456828,0.2573926734256104,1.0
3190935393592311597,False,0.0,0.0,0.0,0.0,0.0,0,0,0.04829303840877915,0.7657285799779445,0.5944444444444444,0.23198717017671266,0.21068828978095216,0.14359572500475065,0.24503278222401786,1.0
3189180224957327086,False,0.0,0.0,0.0,0.0,0.0,0,1,0.05846793552812071,0.7425490767637645,0.5888888888888889,0.2722531906452567,0.2675209317030982,0.13951275951454517,0.26485568341402643,1.0
3185937150676354411,False,0.0,0.0,0.0,0.0,0.0,10,1,0.0652417695473251,0.7315549604615509,0.5888888888888889,0.3781930659781059,0.24357306676804227,0.15525122040099348,0.27871115491168513,1.0
3184380860863081328,False,0.0,0.0,0.0,0.0,0.0,0,0,0.04790980795610425,0.7698973815863794,0.5888888888888889,0.28528284784421315,0.19196026567596075,0.14794771860565295,0.26649442118047073,1.0
3182316335624057137,False,0.0,0.0,0.0,0.0,0.0,0,0,0.01812842935528121,0.9027743719572877,0.4166666666666667,0.04654495145108798,0.24923701387440092,0.09313408273215529,0.15794050362451864,1.0
3182316335682695911,False,0.0,0.0,0.0,0.0,0.0,12,1,0.05830932784636488,0.7217856888297157,0.4166666666666667,0.09417466513354313,0.2746571205286503,0.18464490192043773,0.33591871338319707,1.0
3176926389761309562,False,0.0,0.0,0.0,0.0,0.0,0,0,0.01815329218106996,0.9027983236504478,0.4166666666666667,0.04662995239247962,0.2512340221846329,0.09354948662548498,0.15798142038801133,1.0
3176926389769621953,False,0.0,0.0,0.0,0.0,0.0,11,1,0.05386402606310014,0.7589484890664084,0.4166666666666667,0.1221434176551279,0.27724331080492026,0.18793561685525473,0.2884837554925815,1.0
3175550161292766975,False,0.0,0.0,0.0,0.0,0.0,1,0,0.01564386145404664,0.9049538953441458,0.4166666666666667,0.04206491904031846,0.2047973041171981,0.06523711248245072,0.15126404446760822,1.0
3175550161418538537,False,0.0,0.0,0.0,0.0,0.0,10,1,0.05294667352537723,0.7566283116813255,0.4166666666666667,0.09191733908927083,0.23104202167836824,0.10672834739354771,0.28228378897282375,1.0
3174701830114926315,False,0.0,0.0,0.0,0.0,0.0,11,1,0.08015174897119341,0.7168463379864978,0.5888888888888889,0.15270584873181098,0.24362978821591147,0.1353232593365461,0.28124413050897046,1.0
3174701830123444696,False,0.0,0.0,0.0,0.0,0.0,14,1,0.0943261316872428,0.5216232079937599,0.55,0.28755910594690554,0.295378151160221,0.15473905289736942,0.26850307949305685,1.0
3174701830123520083,False,0.0,0.0,0.0,0.0,0.0,1,1,0.09919067215363511,0.4920705404932892,0.4666666666666667,0.3028352699104333,0.2694156354670163,0.08600107026082743,0.24710105013586714,1.0
3174701830131842576,False,0.0,0.0,0.0,0.0,0.0,10,1,0.14946159122085048,0.6743379058070417,0.18888888888888888,0.21468550122380914,0.23655753035769322,0.1962442441810121,0.2681590695671212,1.0
3174701830257570352,False,0.0,0.0,0.0,0.0,0.0,3,1,0.16260973936899864,0.5514054540197423,0.32222222222222224,0.2685685433981549,0.27833172362046044,0.3993640530464061,0.2437444000185056,1.0
3174701830257605407,False,0.0,0.0,0.0,0.0,0.0,14,1,0.0762997256515775,0.7138126260792382,0.4444444444444444,0.14557106498292044,0.24389836569067505,0.1665935130281207,0.3142820039894999,1.0
3174701830282905518,False,0.0,0.0,0.0,0.0,0.0,15,1,0.08013888888888888,0.6933454671992254,0.5944444444444444,0.20729772183221712,0.23356851318261473,0.13005215139743845,0.25885192587396344,1.0
3174701830316238713,False,0.0,0.0,0.0,0.0,0.0,2,1,0.05368741426611797,0.5230693133220365,0.16666666666666666,0.36525317383469164,0.2845352052163711,0.05193147252273469,0.2252887541589263,1.0
3174701830383455374,False,0.0,0.0,0.0,0.0,0.0,6,1,0.06621313443072702,0.38236348476290377,0.2,0.3426162181607897,0.26856220604435266,0.05869299890025893,0.22240689431147465,1.0
3171136248216243515,False,0.0,0.0,0.0,0.0,0.0,0,0,0.0183569637345679,0.9878169802257323,0.9833333333333333,0.8105946369674413,0.4779250283531183,0.034939945111612386,0.19815326661246002,1.0
3171136041554366103,False,0.0,0.0,0.0,0.0,0.0,0,0,0.026263020833333334,0.7902944486050594,0.06111111111111111,0.6639192386831275,0.38669262604263877,0.06488921918381788,0.28791452010638585,1.0
3171135817050055697,False,0.0,0.0,0.0,0.0,0.0,0,0,0.011804591049382716,0.9892789162732994,0.9944444444444445,0.5733293410342533,0.4264910461131044,0.010002419747318608,0.1900067371837748,1.0
3169212968555216857,False,0.0,0.0,0.0,0.0,0.0,0,0,0.026096536351165982,0.8973713218483553,0.4444444444444444,0.051399304715027294,0.17705812280161043,0.11341120164381366,0.1620481664502468,1.0
3165394248120587792,False,0.0,0.0,0.0,0.0,0.0,17,0,0.04775559413580247,0.7886960084573954,0.6055555555555555,0.19417895750121036,0.24431701905164493,0.16196557764087116,0.2894804684731932,1.0
3161650493026499574,False,0.0,0.0,0.0,0.0,0.0,10,0,0.04669152949245542,0.7887450072621641,0.4111111111111111,0.1125193086150784,0.23491328874117073,0.11364052897789656,0.25999309340814336,1.0
3161650493202855647,False,0.0,0.0,0.0,0.0,0.0,1,0,0.01563014403292181,0.9049832230560263,0.4166666666666667,0.04274022969956158,0.20018669710639989,0.08241255478297851,0.15187685531125067,1.0
3158274225962962467,False,0.0,0.0,0.0,0.0,0.0,1,0,0.022181712962962962,0.8611742314209634,0.4166666666666667,0.03548863395666909,0.19216044588149003,0.08422178814597242,0.2014984672083114,1.0
3157273049339270902,False,0.0,0.0,0.0,0.0,0.0,0,0,0.03013647762345679,0.8555434973372065,0.4166666666666667,0.08156008684337933,0.21289413006733288,0.13388625834294984,0.2378461741565013,1.0
3153770213842541280,False,0.0,0.0,0.0,0.0,0.0,12,0,0.04116340877914952,0.7656165980795611,0.4444444444444444,0.08479606767261087,0.21500773896974495,0.11330327057612437,0.2886479622458124,1.0
3153770214010263845,False,0.0,0.0,0.0,0.0,0.0,0,0,0.01580847050754458,0.9047138471986874,0.4166666666666667,0.04208167581161409,0.20937370903986807,0.06600500754337736,0.1507575985972821,1.0
3152914070093397573,True,60.0,1.0,10.0,0.45618378948801747,0.30849338320397607,0,0,0.0,0.0,0.0,0.0,0.0,0.0,0.0,0.0
3151525204481200494,False,0.0,0.0,0.0,0.0,0.0,2,1,0.06545181755829904,0.7537055898491084,0.4166666666666667,0.13002075768579038,0.2800695256084276,0.11503458221826181,0.2869767995660261,1.0
3151525204632039712,False,0.0,0.0,0.0,0.0,0.0,0,0,0.015780178326474624,0.9049291132090697,0.4166666666666667,0.04225498265149681,0.21100826088875219,0.07734606138545833,0.15137471579077552,1.0
3150114010507680159,False,0.0,0.0,0.0,0.0,0.0,6,0,0.03309242112482853,0.7969909054842788,0.6055555555555555,0.08527626146480541,0.2153431871056743,0.11001114086075922,0.26094290148516613,1.0
3150114010734093410,False,0.0,0.0,0.0,0.0,0.0,0,0,0.02456361454046639,0.7880590353425321,0.4166666666666667,0.06732332432287044,0.2315128514678132,0.06269502623277913,0.26515092617171354,1.0
3148977955846828630,False,0.0,0.0,0.0,0.0,0.0,0,0,0.015597565157750343,0.9048227998332391,0.4166666666666667,0.04264224763979666,0.2009386805668369,0.08344956781303914,0.15191459994938775,1.0
3148977955863764385,False,0.0,0.0,0.0,0.0,0.0,8,0,0.044243827160493826,0.7649198102423411,0.4166666666666667,0.10759913862664407,0.2307472297786672,0.12329292498277317,0.2774340568693984,1.0
3144255268301645708,False,0.0,0.0,0.0,0.0,0.0,3,0,0.04323816872427984,0.634255339035477,0.5611111111111111,0.3715022559778369,0.26769819709745996,0.1697531815820854,0.39728470575699765,1.0
3144255268301729471,False,0.0,0.0,0.0,0.0,0.0,4,0,0.04053840877914952,0.7912741164366982,0.5611111111111111,0.35262271376314586,0.27987381069006656,0.14016572239141323,0.31646388534046177,1.0
3143762734547040964,False,0.0,0.0,0.0,0.0,0.0,3,0,0.03599022633744856,0.9009269412840583,0.4166666666666667,0.1488959426020065,0.28765713155909495,0.09488975694441201,0.17917771097689442,1.0
3139968875019091138,False,0.0,0.0,0.0,0.0,0.0,3,0,0.04478829089506173,0.8748892368675865,0.42777777777777776,0.15362215754357297,0.22580398091131748,0.33225159659523257,0.23009417981260477,1.0
3139880377553476693,False,0.0,0.0,0.0,0.0,0.0,1,0,0.03396433470507545,0.8372603889292342,0.4166666666666667,0.041736591893273084,0.21468078034287325,0.1548456905861809,0.14689621792941304,1.0
3139879688798344014,False,0.0,0.0,0.0,0.0,0.0,1,0,0.030104595336076817,0.8405855086204578,0.4166666666666667,0.041564340756878884,0.21352579394732274,0.1254422046465699,0.1385168052774242,1.0
3131369052808383839,False,0.0,0.0,0.0,0.0,0.0,13,0,0.048531378600823044,0.3950050229968531,0.6166666666666667,0.37275664353532906,0.21977583462676367,0.09132307784429036,0.19798488539564194,1.0
3131369052816549344,False,0.0,0.0,0.0,0.0,0.0,13,0,0.04101251714677641,0.37170084926974906,0.6111111111111112,0.32071775397401764,0.1666886015473777,0.07762613253086421,0.18724479027432753,1.0
3131369052816755787,False,0.0,0.0,0.0,0.0,0.0,8,0,0.04438443072702332,0.36296299322198017,0.6166666666666667,0.38601151187498317,0.17331560201502805,0.09196051045665202,0.18965362240806963,1.0
3115281530332133984,False,0.0,0.0,0.0,0.0,0.0,14,1,0.0884104938271605,0.4001180605987251,0.6166666666666667,0.37675057155921354,0.17017156556374935,0.3074569005799414,0.22527233112424955,1.0
3115281530508472932,False,0.0,0.0,0.0,0.0,0.0,0,0,0.04314386145404664,0.4781185481051131,0.6111111111111112,0.32074798945641353,0.11009500090126877,0.17324527780902235,0.24009400662899663,1.0
3107283343449508378,False,0.0,0.0,0.0,0.0,0.0,0,1,0.05880401234567901,0.6037937982463218,0.5888888888888889,0.1750256764571398,0.2892860392813335,0.372143430974325,0.3838804567612359,1.0
3106712027050635266,False,0.0,0.0,0.0,0.0,0.0,1,0,0.02193244170096022,0.21696227709190674,0.6333333333333333,0.5719240229699561,0.12073417014222634,0.08844657911421724,0.12486777012473303,1.0
3083638747230182778,False,0.0,0.0,0.0,0.0,0.0,1,0,0.04456447187928669,0.580326172032599,0.6055555555555555,0.2110728166438043,0.28713268300359085,0.18849537336720168,0.34421076574394344,1.0
3064546065571951045,True,14.166666666666666,1.0,4.25,0.36944369978894337,0.13323412819989106,0,0,0.0,0.0,0.0,0.0,0.0,0.0,0.0,0.0
3064106272472820113,False,0.0,0.0,0.0,0.0,0.0,11,1,0.06469907407407408,0.39799349431130476,0.5944444444444444,0.2826342996046155,0.24284503840641714,0.19571043235040841,0.23768175583938503,1.0
3064106272741292610,False,0.0,0.0,0.0,0.0,0.0,1,1,0.054455589849108366,0.36547492536109094,0.5888888888888889,0.27593354783614404,0.19585889075282065,0.12609822727496267,0.21362435231402,1.0
3032786331072541325,True,60.0,1.0,10.0,0.5315381050857844,0.27029556440631813,0,0,0.0,0.0,0.0,0.0,0.0,0.0,0.0,0.0
3022700784060699746,True,55.43333333333333,1.0,10.0,0.5601140556917211,0.23322832414215686,0,0,0.0,0.0,0.0,0.0,0.0,0.0,0.0,0.0
3019121881023549845,True,23.2,1.0,6.96,0.6262474256195534,0.24795937585103484,0,0,0.0,0.0,0.0,0.0,0.0,0.0,0.0,0.0
3013183146360822365,True,57.8,1.0,10.0,0.4714219984000545,0.27535818780637256,0,0,0.0,0.0,0.0,0.0,0.0,0.0,0.0,0.0
2999455834490653230,False,0.0,0.0,0.0,0.0,0.0,9,0,0.04021942515432099,0.5778244617677318,0.16666666666666666,0.22062605150084724,0.33921396309692387,0.11628488848864522,0.23537558700553005,1.0
2998641783732601082,True,60.0,1.0,10.0,0.42632689525462963,0.26026195703976035,0,0,0.0,0.0,0.0,0.0,0.0,0.0,0.0,0.0
2992869138227620204,False,0.0,0.0,0.0,0.0,0.0,1,1,0.07940757887517147,0.50919373840071,0.16666666666666666,0.2762115945829635,0.2499994181693487,0.17339518594535305,0.3566579203272649,1.0
2984913539988718362,False,0.0,0.0,0.0,0.0,0.0,9,1,0.08963734567901234,0.362984964630571,0.5888888888888889,0.2743170943274429,0.22113969507744638,0.22718639025870202,0.21219802042110394,1.0
2984913539988723447,False,0.0,0.0,0.0,0.0,0.0,12,1,0.09636059670781894,0.34465696360848863,0.5833333333333334,0.34345244963554694,0.22669009044528465,0.24828402904621016,0.21205768955635887,1.0
2984913540114558518,False,0.0,0.0,0.0,0.0,0.0,10,1,0.0904338134430727,0.3623592451383845,0.5888888888888889,0.28034371217622855,0.2178242760436191,0.23869452424085644,0.2090187498504519,1.0
2984913540114663514,False,0.0,0.0,0.0,0.0,0.0,2,0,0.04530178326474623,0.39231227641948413,0.5888888888888889,0.38271236450684526,0.13643103655640346,0.09211407123984891,0.20843784290676556,1.0
2984913540181895705,False,0.0,0.0,0.0,0.0,0.0,11,1,0.098170438957476,0.35557760429274593,0.5833333333333334,0.3269363350278383,0.20575182769634479,0.27849762970377884,0.21131393986037925,1.0
2982871162847529124,False,0.0,0.0,0.0,0.0,0.0,1,0,0.03028377914951989,0.8712617270502165,0.12777777777777777,0.3678989819521773,0.23890288330616305,0.09251886719797793,0.2847688625098005,1.0
2982871162847574680,False,0.0,0.0,0.0,0.0,0.0,1,0,0.029190672153635116,0.8605637557492133,0.12777777777777777,0.4722334785766158,0.29653996217303985,0.09875837200183556,0.31593405209738246,1.0
2982871162847587549,False,0.0,0.0,0.0,0.0,0.0,1,0,0.03462705761316873,0.845651345517631,0.12777777777777777,0.38556193684606904,0.2327247639419772,0.10395976500200914,0.2943824674817896,1.0
2982871162847625653,False,0.0,0.0,0.0,0.0,0.0,1,0,0.03104338134430727,0.8547326178756824,0.12777777777777777,0.40684090817396923,0.24907715080788093,0.0976587608269753,0.3021995374255463,1.0
2977721233875621262,False,0.0,0.0,0.0,0.0,0.0,1,0,0.03496399176954733,0.5885023064095323,0.5944444444444444,0.4808792698835364,0.2565182153534607,0.14159407738558058,0.33369430783399906,1.0
2972505043607637462,False,0.0,0.0,0.0,0.0,0.0,4,1,0.061203703703703705,0.7579154411764706,0.16666666666666666,0.4452477532679739,0.3014090105415468,0.08653213170153282,0.25499421054992516,0.8
2972505043607665280,False,0.0,0.0,0.0,0.0,0.0,3,0,0.04054359567901235,0.7553560805495037,0.5388888888888889,0.46695746036068747,0.2850732075490472,0.07908826247934532,0.2589978845448145,0.8
2972505043607727816,False,0.0,0.0,0.0,0.0,0.0,1,0,0.0425787037037037,0.7900091427620431,0.13333333333333333,0.44674458968772696,0.29649285437820294,0.0772897527384573,0.248740677728075,0.8
2972505043733396638,False,0.0,0.0,0.0,0.0,0.0,1,1,0.06247067901234568,0.7744513813241346,0.12777777777777777,0.48298566025175504,0.297751896736856,0.08929416824306122,0.23282050019425685,0.8
2967393674348526216,False,0.0,0.0,0.0,0.0,0.0,2,0,0.03505829903978052,0.5878649842653111,0.5944444444444444,0.4980859725920546,0.2586468553582384,0.13553964273846644,0.34048326227152975,1.0
2967393674348661145,False,0.0,0.0,0.0,0.0,0.0,2,0,0.045352366255144036,0.5541788173431238,0.5944444444444444,0.6306963810215445,0.14392396577441038,0.1532399446981849,0.26347754571239523,1.0
2966899262979905130,False,0.0,0.0,0.0,0.0,0.0,7,0,0.037930908203125,0.5900528564453125,0.6166666666666667,0.5428012336282169,0.15342451332665735,0.1106310557250571,0.16728958583998288,1.0
2961630259202133756,False,0.0,0.0,0.0,0.0,0.0,0,1,0.09139780521262003,0.7736697625003361,0.48333333333333334,0.5594043734366174,0.3391858221424209,0.18986221554729074,0.27162239890620493,0.8
2961630259202147664,False,0.0,0.0,0.0,0.0,0.0,0,0,0.044850861136533825,0.7689393393215894,0.11666666666666667,0.7151997537960573,0.17993915452653703,0.1524161835896266,0.20129845259826976,0.7997737556561086
2961630259210469114,False,0.0,0.0,0.0,0.0,0.0,3,0,0.040420376071220565,0.7683949822032661,0.11666666666666667,0.722659584867951,0.1581913254465675,0.13955955282269497,0.19770149723090116,0.7997737556561086
2961630259210529824,False,0.0,0.0,0.0,0.0,0.0,0,0,0.03886314617240651,0.7797128340158248,0.11666666666666667,0.7221903491919593,0.15432789886636045,0.12846401082713643,0.18904548698192888,0.7997737556561086
2961630259319634669,False,0.0,0.0,0.0,0.0,0.0,1,0,0.0412255915313574,0.783786849491824,0.11666666666666667,0.7211724394520139,0.1701040327683653,0.13700256336776698,0.18666893654763514,0.7997737556561086
2952352007790799066,False,0.0,0.0,0.0,0.0,0.0,2,0,0.047848936899862825,0.6569405275827752,0.5944444444444444,0.46763867371365553,0.27356303347687194,0.14919267903581068,0.3488539868909065,1.0
2952352007799323071,False,0.0,0.0,0.0,0.0,0.0,2,1,0.05406721536351166,0.6311527676914388,0.5944444444444444,0.4910901449743134,0.2543776409129802,0.13514759415982902,0.33839171981243504,1.0
2952352007799352802,False,0.0,0.0,0.0,0.0,0.0,2,1,0.051049382716049384,0.6495303598805777,0.5944444444444444,0.4676404388229915,0.2735895667167456,0.1688242330637362,0.34820849027848105,1.0
2952352007908412102,False,0.0,0.0,0.0,0.0,0.0,2,0,0.048096707818930044,0.6576360041959171,0.5944444444444444,0.4676722376879421,0.2735195581894254,0.14806323640180072,0.3488938351236498,1.0
2952352007958758957,False,0.0,0.0,0.0,0.0,0.0,2,1,0.05028120713305898,0.6496508277522257,0.5944444444444444,0.4676326252723311,0.273395246267348,0.1668348284090326,0.34824885755742674,1.0
2947056790417467761,False,0.0,0.0,0.0,0.0,0.0,2,0,0.040016289437585735,0.6247849390785121,0.5944444444444444,0.5163851603055489,0.24444781333532345,0.1887476639223251,0.3357015655522898,1.0
2935689564774847565,False,0.0,0.0,0.0,0.0,0.0,1,1,0.07454561042524005,0.7074659787783426,0.0,0.3492950926598348,0.2929500827066455,0.4588959643260071,0.38783188972697014,1.0
2935689564825062569,False,0.0,0.0,0.0,0.0,0.0,1,0,0.045159465020576134,0.7067109994889589,0.0,0.33148323986659134,0.2940706382869658,0.4217034732681457,0.3879936901342947,1.0
2935689564825107779,False,0.0,0.0,0.0,0.0,0.0,1,0,0.03694101508916324,0.7041601307189542,0.0,0.33148323986659134,0.2940706382869658,0.32325677162205513,0.3906202740872262,1.0
2935689564850302238,False,0.0,0.0,0.0,0.0,0.0,2,1,0.10863511659807956,0.5301458585491811,0.5833333333333334,0.6048024724979154,0.20798743155027577,0.43280650127339515,0.2323515447741714,1.0
2929738923783299490,False,0.0,0.0,0.0,0.0,0.0,0,0,0.037233367626886144,0.6678239126926491,0.5777777777777777,0.4337869059146292,0.11218869799351795,0.12756668871166327,0.37332130580781164,1.0
2929738923783367572,False,0.0,0.0,0.0,0.0,0.0,0,0,0.02456361454046639,0.7073265183302402,0.5722222222222222,0.3859799349094919,0.284579869884245,0.048867700463085244,0.3870859538199405,1.0
2929738923783428641,False,0.0,0.0,0.0,0.0,0.0,2,0,0.03561556927297668,0.520399896446919,0.5777777777777777,0.6436749240162457,0.18462195589778235,0.09955108864875874,0.28899933263904354,1.0
2929738923951181941,False,0.0,0.0,0.0,0.0,0.0,0,0,0.02813528806584362,0.6813882097420587,0.5777777777777777,0.42025123389547864,0.10964617893199533,0.08597835664876723,0.3747995448262147,1.0
2911798363789348113,False,0.0,0.0,0.0,0.0,0.0,2,0,0.020718106995884774,0.6529032195594286,0.5777777777777777,0.3444968315446892,0.23234421780026598,0.05414300266647998,0.3064931883303086,0.8
2911798363730597357,False,0.0,0.0,0.0,0.0,0.0,2,0,0.017203703703703704,0.7146520939239894,0.5833333333333334,0.3269432744291132,0.2273835113799944,0.04342000376442161,0.24903961788015389,0.8
2911798363738888642,False,0.0,0.0,0.0,0.0,0.0,2,0,0.01922633744855967,0.7218641733236504,0.5611111111111111,0.2679303908120175,0.2435667415694099,0.03909720129392308,0.26259529932561926,0.8
2911798363747468067,False,0.0,0.0,0.0,0.0,0.0,3,0,0.02056241426611797,0.6415982167352537,0.5888888888888889,0.3549380322224912,0.19394646463219134,0.04407333071248094,0.2928210230387121,0.8
2911792953380473280,False,0.0,0.0,0.0,0.0,0.0,2,0,0.02338957475994513,0.7036440490599533,0.5722222222222222,0.3268473708276178,0.2408475622635034,0.04639481247324236,0.26122354259402486,0.8
2911792953388784599,False,0.0,0.0,0.0,0.0,0.0,2,0,0.018407407407407407,0.7142955109066947,0.5722222222222222,0.31015775841200677,0.2705481199055453,0.04216451383697607,0.25791353723503047,0.8
2911792953388800159,False,0.0,0.0,0.0,0.0,0.0,2,0,0.01771124828532236,0.6597520159229673,0.5611111111111111,0.280353944430996,0.220357682758811,0.04101501048211369,0.2957490127353486,0.8
2911792953439142298,False,0.0,0.0,0.0,0.0,0.0,3,0,0.022622085048010974,0.6494286936173645,0.5888888888888889,0.3586763199655719,0.16545535485891452,0.04572291528610469,0.29351889793640773,0.8
2907424298454707931,False,0.0,0.0,0.0,0.0,0.0,1,0,0.017914266117969823,0.666850878183921,0.5888888888888889,0.3086194868070685,0.19241575086046414,0.027487907886685026,0.28940913639130617,0.8
2902394323574016220,False,0.0,0.0,0.0,0.0,0.0,1,0,0.02962105624142661,0.7875103317733129,0.07222222222222222,0.16275747733935822,0.27768531412259995,0.0461532589621602,0.21591666261382225,1.0
2902394323574153816,False,0.0,0.0,0.0,0.0,0.0,2,0,0.028771433470507545,0.7581111279216761,0.1111111111111111,0.16904916754081603,0.21186940642163943,0.0624708453302316,0.20153198389644708,1.0
2902394323582358875,False,0.0,0.0,0.0,0.0,0.0,0,0,0.02469735939643347,0.7427946555851421,0.0,0.11094457556685225,0.2748376151639383,0.06739954586397166,0.18489983211627545,1.0
2902394323699962856,False,0.0,0.0,0.0,0.0,0.0,0,0,0.030844478737997255,0.7929765290890018,0.0,0.08102351125635439,0.2646660716472233,0.11489881644212678,0.2205851537277464,1.0
2900938694112148650,False,0.0,0.0,0.0,0.0,0.0,1,0,0.02773491083676269,0.789528134161758,0.12222222222222222,0.11213015075714786,0.22695810846896822,0.07479049115638238,0.23592005797179816,1.0
2900938694112214733,False,0.0,0.0,0.0,0.0,0.0,1,0,0.029968278463648836,0.7840746187363834,0.12222222222222222,0.12029498171010518,0.22988413222054074,0.08525901010448213,0.24060866347757612,1.0
2900938694238048359,False,0.0,0.0,0.0,0.0,0.0,1,0,0.03380744170096022,0.783055612711477,0.12222222222222222,0.11904444713413487,0.2302604182657459,0.10813197085035045,0.24280612831106996,1.0
2900938694238063764,False,0.0,0.0,0.0,0.0,0.0,2,0,0.0342318244170096,0.7866781617310847,0.12222222222222222,0.11289007907689824,0.22747734376239043,0.1116271290941092,0.2376780323914854,1.0
2900938694246479639,False,0.0,0.0,0.0,0.0,0.0,2,0,0.030213477366255143,0.7169327947228273,0.12222222222222222,0.13655192783560613,0.24678710604799797,0.06629177186193343,0.242585560339072,1.0
2900938694288232888,False,0.0,0.0,0.0,0.0,0.0,1,0,0.026790123456790122,0.7960331638828371,0.12222222222222222,0.11095330697436724,0.22198832402077015,0.07198546268903729,0.23139266854153412,1.0
2899470170126447353,False,0.0,0.0,0.0,0.0,0.0,32,1,0.06274836033950618,0.6049142780954975,0.06111111111111111,0.2809725550714113,0.325895742199676,0.15227537607357539,0.26939661932427206,1.0
2892035409384910354,False,0.0,0.0,0.0,0.0,0.0,1,0,0.02904783950617284,0.7269710678407165,0.5944444444444444,0.7238991769547326,0.1045594018652711,0.024716666698988275,0.21118159241745144,0.8
2892035409544302615,False,0.0,0.0,0.0,0.0,0.0,3,0,0.02138773148148148,0.7114948741224885,0.5944444444444444,0.6296073015008472,0.16301370666863108,0.017965150635026027,0.24243972985009565,0.8
2887856714897956677,False,0.0,0.0,0.0,0.0,0.0,1,0,0.02182561728395062,0.7287966351972888,0.5944444444444444,0.5879144910433309,0.10594237984590817,0.026854201303283556,0.26232284082886703,0.8
2887856714923207354,False,0.0,0.0,0.0,0.0,0.0,1,0,0.020957947530864197,0.7314486625514403,0.5944444444444444,0.5864790516824013,0.10639848376622055,0.025578461898999552,0.2621798982931292,0.8
2887856714973603274,False,0.0,0.0,0.0,0.0,0.0,1,0,0.01704861111111111,0.7440448332728153,0.5944444444444444,0.5790860173081578,0.1048438244128094,0.02017741006172838,0.26087763542222414,0.8
2887856714982003313,False,0.0,0.0,0.0,0.0,0.0,0,0,0.017743441358024692,0.7407806720527718,0.5944444444444444,0.5811234567901234,0.10550672360926835,0.02100770955945643,0.2612780664700095,0.8
2887856715049074861,False,0.0,0.0,0.0,0.0,0.0,3,0,0.02016820987654321,0.7075525039336722,0.6,0.6831667725732269,0.13363792729179827,0.017392172241422827,0.2122815513353183,0.8
2887856715166384959,False,0.0,0.0,0.0,0.0,0.0,1,0,0.018947145061728395,0.7388642595618494,0.5944444444444444,0.5862470104091019,0.10600669449320196,0.022671867303151207,0.26207847581444776,0.8
2886609402129610167,False,0.0,0.0,0.0,0.0,0.0,2,0,0.04327932098765432,0.8921009471072379,0.5,0.2924491890583394,0.28254834900799686,0.022592913311233066,0.2525360415554701,0.8
2886252754731010480,False,0.0,0.0,0.0,0.0,0.0,2,0,0.023871913580246915,0.8453845134350035,0.5611111111111111,0.7502670842411039,0.12244383752985007,0.017487680469950265,0.19651611512948333,0.8
2886252754731162099,False,0.0,0.0,0.0,0.0,0.0,1,0,0.025118827160493826,0.84639704218107,0.5611111111111111,0.7455762496974099,0.12174659685231028,0.018260235061728365,0.19761532536158585,0.8
2886252754731177601,False,0.0,0.0,0.0,0.0,0.0,1,0,0.020863425925925928,0.8471603107601064,0.5611111111111111,0.6622243812030985,0.16921778261795611,0.021218911035847252,0.21954776150034994,0.8
2886252754731244006,False,0.0,0.0,0.0,0.0,0.0,0,0,0.026424382716049383,0.8432111716291455,0.5611111111111111,0.7437492420116195,0.12287377582757467,0.018950876418295567,0.20012064816578218,0.8
2886252754848470877,False,0.0,0.0,0.0,0.0,0.0,1,0,0.02943016975308642,0.8424841367102396,0.5611111111111111,0.7328382897603486,0.1235986774673496,0.02042002674480595,0.20485038037012024,0.8
2886252754848695592,False,0.0,0.0,0.0,0.0,0.0,1,0,0.028386574074074074,0.8424506808278867,0.5611111111111111,0.7329729484386347,0.1237350453730601,0.019683012122299375,0.20472918695829817,0.8
2884136882403146650,False,0.0,0.0,0.0,0.0,0.0,1,0,0.0176820987654321,0.8615766914790608,0.5277777777777778,0.6203746066327765,0.18862472718684944,0.014710838222187932,0.1909639911250136,0.8
2884136882411521297,False,0.0,0.0,0.0,0.0,0.0,2,0,0.028911265432098765,0.8369205640280803,0.5277777777777778,0.5315523677680949,0.21463887810195306,0.02493630832887422,0.22897936677007497,0.8
2884136882537435647,False,0.0,0.0,0.0,0.0,0.0,2,0,0.027799382716049384,0.8407134985475672,0.5277777777777778,0.5277263056765916,0.22181238811766668,0.023400322047792358,0.22859500246293163,0.8
2878344156596336116,False,0.0,0.0,0.0,0.0,0.0,2,0,0.0222445987654321,0.7551695927136287,0.55,0.6360518412611958,0.17588725820325085,0.01827878120770081,0.26548346332346373,0.8
